{
    "lower_number": 5,
    "lower": {
        "Beta_0": [
            -90.63317804294705,
            -859.7992680439348,
            -998.3584317120568,
            -917.4357043119934,
            -1385.3342080385942
        ],
        "Beta_s": [
            885.4871181937807,
            8400.248038373627,
            9198.91871507206,
            7792.736508462906,
            12191.442523400417
        ],
        "Beta_u": [
            11.117727795026859,
            24.876779404387754,
            44.68405884946304,
            57.2374674933243,
            59.9457967134211
        ]
    },
    "lower_maximas": [
        11.667668760496683,
        61.411183071485674,
        163.80327432068785,
        493.6507671440164,
        676.4151875786557
    ],
    "upper_number": 15,
    "upper": {
        "Beta_0": [
            -1874.6046667129858,
            -2288.0075530322024,
            -2333.2126115434867,
            -549.9262987123036,
            -2283.213546932293,
            -1808.381368693442,
            -904.9828911025173,
            -1431.6378997875836,
            -2499.383013915901,
            -2074.8961138790382,
            -1352.1981370200297,
            -1353.7904642497679,
            -255.6804338221028,
            -1445.732299656716,
            -2046.3636520171501
        ],
        "Beta_s": [
            18573.938041084202,
            54532.18085455048,
            45457.360257117776,
            34411.04660393598,
            28539.65545514177,
            19253.10879748307,
            20329.4421187673,
            15032.807526684031,
            40455.19401851388,
            28935.08630052908,
            18579.929467708746,
            15087.011121126689,
            22342.385141494382,
            17213.733046959875,
            23544.979773916297
        ],
        "Beta_u": [
            48.028641164841325,
            -72.8054009103316,
            -40.45738176552188,
            -63.41611410889079,
            20.363178598415775,
            40.577792360703405,
            -1.0053507639184671,
            43.13542920496402,
            -16.81510386998623,
            10.458255356372783,
            23.274524048715037,
            38.868665444665396,
            -31.69706404480992,
            33.14084955026005,
            31.494975653972542
        ]
    }
}