{
    "lower_number": 5,
    "lower": {
        "Beta_0": [
            -1.8417533958995065e-10,
            -0.5115835843924981,
            -1.7624251116969882,
            -2.886318593369834,
            -3.5690721094225846
        ],
        "Beta_s": [
            -0.040733767114061396,
            505326.4660683859,
            653891.6233897468,
            619519.5261921551,
            1035673.6562291279
        ],
        "Beta_u": [
            0.08067555708573282,
            0.26800735936555686,
            0.46291154047008065,
            0.5724110113484926,
            0.5915926064725856
        ]
    },
    "lower_maximas": [
        0.1247679020890136,
        1.2926042024492292,
        3.1954157397894387,
        16.62773537006045,
        17.6083037437691
    ],
    "upper_number": 15,
    "upper": {
        "Beta_0": [
            4.618634621633,
            65.36851903430754,
            60.51574977195948,
            10.132910867842966,
            35.0405330477926,
            43.843219316976004,
            46.26905676605651,
            4.475288599963127,
            10.839804645423195,
            7.423887820711812,
            14.731998625314032,
            20.847063479560674,
            6.462424835279569,
            31.648253665887733,
            19.77158041091175
        ],
        "Beta_s": [
            1108161.4955559976,
            3163779.7726292918,
            1836128.6235073935,
            1135907.5798218097,
            2611532.682162616,
            1577999.987802388,
            2507485.1828654693,
            953611.4759829122,
            1665108.4547160426,
            1075300.1158525425,
            1328348.2678025102,
            1909899.8979424527,
            1304573.8623573966,
            1448538.8958759187,
            1283486.4861688453
        ],
        "Beta_u": [
            0.35843402558958737,
            -0.5680791060650743,
            -0.4945466730843795,
            0.2497916438802635,
            -0.14689615970332365,
            -0.26496279407918716,
            -0.3059522893355925,
            0.3645576686751684,
            0.23289252675702346,
            0.3005862667426046,
            0.16949654443206555,
            0.06775103448611043,
            0.31695283329338947,
            -0.0903407283713487,
            0.08965554257922592
        ]
    }
}