{
    "lower_number": 5,
    "lower": {
        "Beta_0": [
            -1.343472922487521,
            -2.496435684250083,
            -4.423177138599897,
            -7.297722631894223,
            -8.583665846779246
        ],
        "Beta_s": [
            1326112.5549394158,
            1290533.615055258,
            1032136.2880767912,
            889531.5459647636,
            1410224.4904976096
        ],
        "Beta_u": [
            0.19285657603152678,
            0.2769944472193607,
            0.38208687958894877,
            0.48628733383513356,
            0.506121009731221
        ]
    },
    "lower_maximas": [
        2.3832352636560277,
        3.943711376957273,
        7.240779191672653,
        22.822356378316748,
        28.787240792613265
    ],
    "upper_number": 15,
    "upper": {
        "Beta_0": [
            72.26981839264745,
            142.38857421246863,
            0.7525686718989492,
            4.130610165363141,
            76.77279392791316,
            132.81113824389405,
            8.975909118060247,
            107.74543967288484,
            47.617833807842544,
            5.209352452435602,
            52.629147386836124,
            20.057285216933145,
            22.878179124924397,
            -2.79483811461798,
            -2.3171557213666087
        ],
        "Beta_s": [
            2981037.661005756,
            7397600.132503738,
            2653945.24745518,
            1863879.5713962808,
            4637202.404312017,
            5056731.78174023,
            2229958.1650591553,
            3940041.6036630697,
            3153662.344805793,
            2952583.401780713,
            4699328.087630175,
            3656566.3324175454,
            2528296.988540267,
            1611478.631162097,
            1904010.7638511304
        ],
        "Beta_u": [
            -0.18297017563771303,
            -0.6766046375641817,
            0.3794776421240177,
            0.3514719066684171,
            -0.22169703484128148,
            -0.6082218078175311,
            0.3058308793007559,
            -0.4347175382356697,
            -0.004596461176938586,
            0.33624732777065297,
            -0.046309468776799895,
            0.20770761681100697,
            0.18885661935075126,
            0.42265614522623124,
            0.4147785241478752
        ]
    }
}