{
    "lower_number": 5,
    "lower": {
        "Beta_0": [
            -81.31454032129771,
            -132.49215377044223,
            -195.310139183956,
            -240.29148512791036,
            -325.92762441259146
        ],
        "Beta_s": [
            187.85798676165055,
            183.5931076885505,
            170.97876510903524,
            163.9071821711573,
            242.91168506330635
        ],
        "Beta_u": [
            24.041044284843906,
            36.86647703635507,
            48.19464212584545,
            54.41888316996348,
            59.750158994615916
        ]
    },
    "lower_maximas": [
        87.11459058721304,
        147.35913881894584,
        227.97225954447293,
        486.7373077819215,
        970.0183146507566
    ],
    "upper_number": 15,
    "upper": {
        "Beta_0": [
            34.71395324452823,
            4532.1146159364625,
            4313.135334364917,
            3534.4245911861753,
            -176.55829991359093,
            1588.7033460978585,
            3130.2894378826654,
            -52.27118609489002,
            501.7876075391103,
            788.0664755346031,
            2100.5051425748866,
            253.93957103768918,
            850.3775902440373,
            129.3155182064325,
            2410.866672210943
        ],
        "Beta_s": [
            416.3308617567881,
            1104.34243493996,
            800.2719343171544,
            595.1114664864106,
            381.77651775813894,
            539.6827959775122,
            955.0976578403613,
            281.18329018350823,
            573.1691079521505,
            353.4323217289897,
            834.4232151979754,
            405.76344724300753,
            652.5947076583062,
            322.5172453024031,
            575.5841209204228
        ],
        "Beta_u": [
            41.1629942902308,
            -77.23040620557154,
            -70.23735121526228,
            -50.67609061366745,
            49.423891522214085,
            -3.1699552121173,
            -43.8156887451009,
            45.90131533366858,
            25.574593823074018,
            19.581966713786688,
            -18.137231546404216,
            34.25370705998876,
            15.311701464503187,
            39.04207327880026,
            -23.854766953421972
        ]
    }
}