{
    "lower_number": 5,
    "lower": {
        "Beta_0": [
            -81.90899937680261,
            -138.48943878366376,
            -201.66814658208477,
            -231.29555584232747,
            -268.5470752232055
        ],
        "Beta_s": [
            179.05309212944613,
            182.93326816821389,
            187.11686462837332,
            176.33262041115532,
            171.45915815867522
        ],
        "Beta_u": [
            24.255760906428385,
            36.297877259784414,
            45.695025083084566,
            49.70482009067135,
            53.71059656860882
        ]
    },
    "lower_maximas": [
        94.18557336056239,
        163.10053819240943,
        253.2426173801802,
        302.864385017575,
        1181.7206801185182
    ],
    "upper_number": 15,
    "upper": {
        "Beta_0": [
            485.0371442072626,
            -65.3840686286544,
            4.161111504276964,
            3610.9529534006665,
            4030.972153805874,
            786.2744007099241,
            -234.59530019323282,
            77.52807835818554,
            340.35125747092616,
            1253.1371226747783,
            4146.87724334991,
            2475.9555046723212,
            2808.2909544398685,
            1906.772727966329,
            986.3052069515884
        ],
        "Beta_s": [
            616.8749252429814,
            296.77590276749197,
            396.1600862535888,
            1090.7888356836545,
            545.3563761613603,
            606.2322893226321,
            439.3114412103421,
            465.8053505158635,
            440.2207188627268,
            642.1810075380591,
            913.2527157541117,
            959.443807999357,
            590.9727830747242,
            636.7244045418134,
            388.66574277143945
        ],
        "Beta_u": [
            25.65607947017686,
            43.92376081908114,
            40.48652106291653,
            -46.303537213863905,
            -51.19947911949446,
            18.299673263695887,
            48.076867312618944,
            37.658379370747866,
            30.717981610917448,
            7.089301022963717,
            -56.17846431442221,
            -21.8422091105074,
            -26.47621809278676,
            -7.512930867991453,
            15.333773699188898
        ]
    }
}