{
    "lower_number": 5,
    "lower": {
        "Beta_0": [
            -2.5035217998977526,
            -8.968837888076882,
            -13.511562352336666,
            -17.583199973706815,
            -21.01319521514609
        ],
        "Beta_s": [
            2479306.114719842,
            2856499.5353808757,
            2529183.706131825,
            2365421.416679809,
            3839155.0800392893
        ],
        "Beta_u": [
            0.4973865562767778,
            0.9229836390962096,
            1.1278272096740174,
            1.2666183917227258,
            1.3195177466049082
        ]
    },
    "lower_maximas": [
        6.1464347228711524,
        13.868494082449896,
        20.386920148729114,
        60.87863523208256,
        76.5758626319768
    ],
    "upper_number": 15,
    "upper": {
        "Beta_0": [
            427295378.21823084,
            -8.099863744829646,
            -6.027271241887034,
            -0.07837750513297305,
            278.9127962547692,
            255.96434356683082,
            80.55115548291059,
            13.082907193530794,
            24.93181821267534,
            1017997415.6767483,
            48.46811771261977,
            93.0245024078529,
            124.68850677117725,
            57.28189632595738,
            178.20024566845413
        ],
        "Beta_s": [
            18244523.586908225,
            5878270.029039148,
            4327804.890625702,
            5901936.907302757,
            16703665.1913631,
            10052498.770746138,
            10205143.992441582,
            7888409.56681085,
            5414982.207316033,
            9617457.189110344,
            8878758.633307397,
            6929327.72755808,
            11256288.097134897,
            6719555.67385895,
            10446434.085028851
        ],
        "Beta_u": [
            -2824244.6425845004,
            1.1166464773602733,
            1.1040185054948446,
            1.0281664953382863,
            -1.10906891278146,
            -0.9355064005027046,
            0.3284916758648653,
            0.8944370213271063,
            0.8004726562907465,
            -6728540.282283021,
            0.587253145509623,
            0.24500198908996768,
            -0.009054416205801843,
            0.5245325088541183,
            -0.3959151429324461
        ]
    }
}