{
    "lower_number": 5,
    "lower": {
        "Beta_0": [
            1.4963289887840773e-06,
            -961.3151242050062,
            -987.8404505065274,
            -1059.6420743366143,
            -974.0122608352038
        ],
        "Beta_s": [
            -1.0725697966622857e-05,
            6654.138762939927,
            6723.114079542785,
            6972.920090668548,
            5945.808789119823
        ],
        "Beta_u": [
            1.2369102309438658,
            4.565630356963386,
            5.991376199709863,
            8.157505145455957,
            10.62988390042696
        ]
    },
    "lower_maximas": [
        7.587121819684942,
        42.00794547012919,
        75.31622464009834,
        147.87733733279967,
        700.00852517618
    ],
    "upper_number": 15,
    "upper": {
        "Beta_0": [
            -1451.0882737201878,
            -1708.8760448805092,
            -1911.4592398080042,
            171.45167721256837,
            -794.8685086556661,
            -2173.7541330687195,
            -1651.932892555079,
            -2299.1756719449413,
            -1729.7319902063286,
            -2491.947499641926,
            -3000.3461392888285,
            -1465.8692514152706,
            -977.1551677122093,
            -2353.0098567771097,
            -2697.041546086381
        ],
        "Beta_s": [
            10506.584114570665,
            13007.70067693434,
            13555.923148073896,
            16921.69032240667,
            18477.69003234368,
            34928.15173773489,
            15643.090944636067,
            17610.653514591497,
            14830.1055813184,
            20023.088104764112,
            31159.060812760268,
            16334.644415465717,
            15703.959106151913,
            30390.87969585639,
            24475.925258530795
        ],
        "Beta_u": [
            8.26087733104096,
            7.2025992815766084,
            8.541523574746059,
            -11.020936219109556,
            -5.929062876847392,
            -12.581693657289879,
            3.4506527695082427,
            6.589113855856259,
            5.051758916199767,
            5.252834326726684,
            -3.076849754993703,
            1.2125401872473625,
            -1.7693798732689598,
            -6.933306564179756,
            1.7695551702124475
        ]
    }
}