{
    "lower_number": 5,
    "lower": {
        "Beta_0": [
            1.3442010544792673e-06,
            -603.5269745593406,
            -872.2186468209017,
            -856.2577772936003,
            -1297.5035821366687
        ],
        "Beta_s": [
            -9.657994902135098e-06,
            4141.54124212826,
            5674.385973899196,
            5021.262812094578,
            7948.67350727455
        ],
        "Beta_u": [
            0.8929912260709363,
            4.103857089597835,
            7.142022605124201,
            9.744790245153455,
            10.093685357019584
        ]
    },
    "lower_maximas": [
        3.7033649542770135,
        53.99186783784218,
        162.01558171669924,
        658.9386141206728,
        781.7383349229765
    ],
    "upper_number": 15,
    "upper": {
        "Beta_0": [
            -1069.1347053671127,
            158.43452087772587,
            -1628.760526417952,
            -1191.3162294535114,
            -1004.2060495463824,
            -697.7736565515524,
            -1836.6576464962636,
            -1579.6980391000106,
            -718.4033548667813,
            -1409.0066185274536,
            -1622.1750116589806,
            -352.51395916992055,
            -1556.187048293709,
            -1684.7436260857075,
            -1626.1044579571333
        ],
        "Beta_s": [
            29901.044406958128,
            19700.701567218377,
            11690.47262415086,
            9496.543981106659,
            9485.178336119932,
            9802.012248481009,
            19496.456134089167,
            20352.03012279793,
            12165.194045232287,
            11723.958490181338,
            12658.524188376121,
            14781.697440068487,
            27122.595695364518,
            14505.933437267357,
            15098.840850615325
        ],
        "Beta_u": [
            -10.017225188818637,
            -8.888091502987805,
            7.810066553942938,
            6.788438402292488,
            5.484474422148094,
            3.2895440806495952,
            1.8285397295626276,
            -0.3141064275311362,
            1.4231130472694689,
            6.0399759863198685,
            6.630160803210488,
            -2.6429283271972337,
            -5.556444193715984,
            5.223086688746108,
            4.3060351299638
        ]
    }
}