{
    "lower_number": 5,
    "lower": {
        "Beta_0": [
            -1.289512353579526,
            -9.689029900655294,
            -25.069458191602575,
            -46.998229405839474,
            -53.62402789411122
        ],
        "Beta_s": [
            0.0057141568044034915,
            0.042835464298362734,
            0.045439696506769295,
            0.04026612767607899,
            0.05671815236266675
        ],
        "Beta_u": [
            7.26955633921321,
            14.832107958189265,
            23.59379272747447,
            31.38139135429896,
            32.14318534675957
        ]
    },
    "lower_maximas": [
        5.047988985997845,
        24.54985081974135,
        53.58822760024397,
        213.68981577961662,
        252.05774417229523
    ],
    "upper_number": 15,
    "upper": {
        "Beta_0": [
            932.5844793951577,
            417.388671724672,
            650.9014961549472,
            1008.2793743177061,
            40.15858827659309,
            173.45859793667356,
            54.83582025530871,
            722.2728212503696,
            101.59920596354864,
            370.9772865277033,
            256.00838206150274,
            519.285884114287,
            88.11930925426907,
            182.7532548549193,
            121.79648732188308
        ],
        "Beta_s": [
            0.22562179457859338,
            0.07793394787269263,
            0.18376996530628353,
            0.150215402016719,
            0.08181952540027032,
            0.11830924724432389,
            0.06520544750559723,
            0.13577291367402958,
            0.0906081833069795,
            0.1316424756387393,
            0.10321889690537862,
            0.13664260586357904,
            0.06598590444697432,
            0.07756396734619649,
            0.07068621964962594
        ],
        "Beta_u": [
            -30.228569074185515,
            -2.2788387011717806,
            -15.566127838316685,
            -33.73036890855589,
            21.640280959596954,
            11.76383800236531,
            20.574751544392868,
            -19.100652939917968,
            16.69947443457311,
            -0.09387817040998413,
            6.741590533912183,
            -8.342705258947344,
            17.926352220910964,
            11.432288804512009,
            15.475821351094247
        ]
    }
}