{
    "Phi": {
        "1": 0.2304696903852873,
        "2": 0.2067988069764418,
        "3": 0.1920295510839209,
        "4": 0.18916916944521822,
        "5": 0.18153278210913185
    },
    "Omega": [
        "1",
        "2",
        "3",
        "4",
        "5"
    ]
}