{
    "Phi": {
        "1": 0.559351382,       
        "2": 0.440648618
    },
    "Omega": [
        "1",
        "2"
    ]
}