{
  "1": {
      "TIGNE": [
          28.0,
          27.59626546844154,
          26.835478596973505,
          25.668523390340955,
          24.564371041238964,
          23.36552906775692,
          21.79789581044347,
          20.499742831003857,
          18.82231701605172,
          18.323301918590147,
          17.19650884880214,
          17.57838292135225,
          17.938225818454008,
          17.531671182627196,
          17.074158783798573,
          16.62547001737806,
          15.783799666446342,
          14.876933144815691,
          14.079843860117576,
          13.219985642309664,
          12.56056165708758,
          11.990923575940364,
          12.419517047568604,
          12.637011980792211,
          12.67918331881514,
          12.428792640808233,
          11.490384615384617,
          11.270852575410704,
          11.13394127354464,
          9.25
      ],
      "MTRIG": [
          28.0,
          27.59626546844154,
          26.835478596973505,
          25.668523390340955,
          24.564371041238964,
          23.36552906775692,
          21.79789581044347,
          20.499742831003857,
          18.82231701605172,
          18.323301918590147,
          17.19650884880214,
          17.57838292135225,
          17.938225818454008,
          17.531671182627196,
          17.074158783798573,
          16.62547001737806,
          15.783799666446342,
          14.876933144815691,
          14.079843860117576,
          13.219985642309664,
          12.56056165708758,
          11.990923575940364,
          12.419517047568604,
          12.637011980792211,
          12.67918331881514,
          12.428792640808233,
          11.490384615384617,
          11.270852575410704,
          11.13394127354464,
          9.25
      ],
      "POMBL": [
          50.0,
          48.92337458251077,
          46.89460959192935,
          43.78272904090921,
          40.838322776637234,
          37.641410847351786,
          33.46105549451592,
          29.99931421601029,
          25.52617870947126,
          24.19547178290706,
          21.19069026347237,
          22.209021123606,
          23.168602182544024,
          22.084456487005856,
          20.864423423462863,
          19.667920046341493,
          17.42346577719025,
          15.005155052841843,
          12.879583626980205,
          10.586628379492431,
          8.82816441890021,
          7.309129535840969,
          8.452045460182942,
          9.032031948779233,
          9.144488850173706,
          8.47678037548862,
          5.974358974358974,
          5.38894020109521,
          5.023843396119044,
          0.0
      ],
      "COCHE": [
          20.0,
          19.66624612057834,
          19.0373289734981,
          18.072646002681857,
          17.159880060757544,
          16.168837362679053,
          14.872927203299934,
          13.79978740696319,
          12.413115399936087,
          12.00059625270119,
          11.069113981676434,
          11.384796548317858,
          11.682266676588648,
          11.346181510971814,
          10.967971261273489,
          10.597055214365865,
          9.901274390928975,
          9.15159806638097,
          8.492670924363864,
          7.781854797642653,
          7.236730969859066,
          6.765830156110701,
          7.120134092656713,
          7.299929904121561,
          7.334791543553849,
          7.127801916401472,
          6.352051282051281,
          6.170571462339515,
          6.057391452796903,
          4.5
      ],
      "RANDE": [
          60.0,
          59.03103712425969,
          57.20514863273641,
          54.40445613681829,
          51.75449049897351,
          48.877269762616606,
          45.114949945064325,
          41.999382794409264,
          37.973560838524136,
          36.77592460461635,
          34.07162123712513,
          34.9881190112454,
          35.85174196428962,
          34.87601083830527,
          33.77798108111658,
          32.70112804170734,
          30.681119199471222,
          28.50463954755766,
          26.591625264282182,
          24.52796554154319,
          22.94534797701019,
          21.57821658225687,
          22.60684091416465,
          23.12882875390131,
          23.230039965156337,
          22.62910233793976,
          20.37692307692308,
          19.85004618098569,
          19.52145905650714,
          15.0
      ]
  },
  "2": {
      "TIGNE": [
          22.42376986125795,
          19.5143508510296,
          18.561182418227865,
          18.90379598379917,
          16.97608153966602,
          15.89755353299114,
          11.77115718408777,
          9.602623430781335,
          10.779585190366896,
          12.187629328209084,
          14.741118138107758,
          12.744753895829987,
          13.03011949336299,
          11.962334862811629,
          9.431809209103289,
          9.825546779504982,
          10.364835091052928,
          9.25,
          9.984252953592572,
          12.525042642571664,
          12.25919269993563,
          16.859153076699588,
          18.58997528034105,
          24.66524018695453,
          27.012278938574912,
          28.0,
          25.45639567612034,
          23.538419868743176,
          17.584110911762938,
          18.780694941203816
      ],
      "MTRIG": [
          22.42376986125795,
          19.5143508510296,
          18.561182418227865,
          18.90379598379917,
          16.97608153966602,
          15.89755353299114,
          11.77115718408777,
          9.602623430781335,
          10.779585190366896,
          12.187629328209084,
          14.741118138107758,
          12.744753895829987,
          13.03011949336299,
          11.962334862811629,
          9.431809209103289,
          9.825546779504982,
          10.364835091052928,
          9.25,
          9.984252953592572,
          12.525042642571664,
          12.25919269993563,
          16.859153076699588,
          18.58997528034105,
          24.66524018695453,
          27.012278938574912,
          28.0,
          25.45639567612034,
          23.538419868743176,
          17.584110911762938,
          18.780694941203816
      ],
      "POMBL": [
          35.13005296335453,
          27.371602269412264,
          24.82981978194097,
          25.743455956797785,
          20.60288410577605,
          17.726809421309703,
          6.72308582423405,
          0.9403291487502344,
          4.078893840978385,
          7.833678208557558,
          14.642981701620686,
          9.3193437222133,
          10.080318648967973,
          7.23289296749767,
          0.4848245576087633,
          1.5347914120132864,
          2.9728935761411406,
          0.0,
          1.9580078762468611,
          8.733447046857771,
          8.024513866495015,
          20.2910748711989,
          24.906600747576128,
          41.10730716521209,
          47.3660771695331,
          50.0,
          43.21705513632091,
          38.10245298331513,
          22.224295764701164,
          25.41518650987684
      ],
      "COCHE": [
          15.390316418639904,
          12.985196703517802,
          12.1972441324017,
          12.480471346607311,
          10.886894072790575,
          9.99531092060601,
          6.584156605512556,
          4.791502036112573,
          5.764457090703299,
          6.928440244652843,
          9.039324327502412,
          7.388996553886123,
          7.624898781180072,
          6.742196819924278,
          4.6502956128587165,
          4.975785337724119,
          5.4215970086037535,
          4.5,
          5.106982441636527,
          7.207368584525909,
          6.987599298613454,
          10.790233210071658,
          12.2210462317486,
          17.24326522121575,
          19.18348392255526,
          20.0,
          17.897287092259482,
          16.31176042482769,
          11.38953168705736,
          12.37870781806182
      ],