{
    "Phi": {
        "1": 0.555752189,       
        "2": 0.444247811

    },
    "Omega": [
        "1",
        "2"
    ]
}