{
    "1": {
        "TIGNE": [
            2.857142857142857,
            2.571428571428572,
            2.571428571428572,
            2.2857142857142856,
            2.2857142857142856,
            2.0,
            2.0,
            2.2857142857142856,
            2.571428571428572,
            2.2857142857142856,
            2.571428571428572,
            2.857142857142857,
            2.857142857142857,
            2.857142857142857,
            2.857142857142857,
            3.7142857142857135,
            3.142857142857143,
            4.0,
            3.428571428571429,
            3.428571428571429,
            3.142857142857143,
            2.857142857142857,
            2.571428571428572,
            2.571428571428572,
            2.2857142857142856,
            2.857142857142857,
            2.857142857142857,
            2.857142857142857,
            2.571428571428572,
            3.142857142857143
        ],
        "MTRIG": [
            9.685714285714289,
            7.357142857142858,
            7.357142857142858,
            5.02857142857143,
            5.02857142857143,
            2.7,
            2.7,
            5.02857142857143,
            7.357142857142858,
            5.02857142857143,
            7.357142857142858,
            9.685714285714289,
            9.685714285714289,
            9.685714285714289,
            9.685714285714289,
            16.671428571428574,
            12.014285714285716,
            19.0,
            14.342857142857143,
            14.342857142857143,
            12.014285714285716,
            9.685714285714289,
            7.357142857142858,
            7.357142857142858,
            5.02857142857143,
            9.685714285714289,
            9.685714285714289,
            9.685714285714289,
            7.357142857142858,
            12.014285714285716
        ],
        "POMBL": [
            21.42857142857143,
            14.285714285714288,
            14.285714285714288,
            7.142857142857145,
            7.142857142857145,
            0.0,
            0.0,
            7.142857142857145,
            14.285714285714288,
            7.142857142857145,
            14.285714285714288,
            21.42857142857143,
            21.42857142857143,
            21.42857142857143,
            21.42857142857143,
            42.85714285714287,
            28.57142857142857,
            50.0,
            35.714285714285715,
            35.714285714285715,
            28.57142857142857,
            21.42857142857143,
            14.285714285714288,
            14.285714285714288,
            7.142857142857145,
            21.42857142857143,
            21.42857142857143,
            21.42857142857143,
            14.285714285714288,
            28.57142857142857
        ],
        "COCHE": [
            4.285714285714287,
            3.3571428571428577,
            3.3571428571428577,
            2.428571428571429,
            2.428571428571429,
            1.5,
            1.5,
            2.428571428571429,
            3.3571428571428577,
            2.428571428571429,
            3.3571428571428577,
            4.285714285714287,
            4.285714285714287,
            4.285714285714287,
            4.285714285714287,
            7.071428571428573,
            5.2142857142857135,
            8.0,
            6.142857142857143,
            6.142857142857143,
            5.2142857142857135,
            4.285714285714287,
            3.3571428571428577,
            3.3571428571428577,
            2.428571428571429,
            4.285714285714287,
            4.285714285714287,
            4.285714285714287,
            3.3571428571428577,
            5.2142857142857135
        ],
        "RANDE": [
            10.0,
            9.0,
            9.0,
            8.0,
            8.0,
            7.0,
            7.0,
            8.0,
            9.0,
            8.0,
            9.0,
            10.0,
            10.0,
            10.0,
            10.0,
            13.0,
            11.0,
            14.0,
            12.0,
            12.0,
            11.0,
            10.0,
            9.0,
            9.0,
            8.0,
            10.0,
            10.0,
            10.0,
            9.0,
            11.0
        ]
    },
    "2": {
        "TIGNE": [
            2.857142857142857,
            2.571428571428572,
            2.571428571428572,
            2.2857142857142856,
            2.2857142857142856,
            2.0,
            2.0,
            2.2857142857142856,
            2.571428571428572,
            2.2857142857142856,
            2.571428571428572,
            2.857142857142857,
            2.857142857142857,
            2.857142857142857,
            2.857142857142857,
            3.7142857142857135,
            3.142857142857143,
            4.0,
            3.428571428571429,
            3.428571428571429,
            3.142857142857143,
            2.857142857142857,
            2.571428571428572,
            2.571428571428572,
            2.2857142857142856,
            2.857142857142857,
            2.857142857142857,
            2.857142857142857,
            2.571428571428572,
            3.142857142857143
        ],
        "MTRIG": [
            9.685714285714289,
            7.357142857142858,
            7.357142857142858,
            5.02857142857143,
            5.02857142857143,
            2.7,
            2.7,
            5.02857142857143,
            7.357142857142858,
            5.02857142857143,
            7.357142857142858,
            9.685714285714289,
            9.685714285714289,
            9.685714285714289,
            9.685714285714289,
            16.671428571428574,
            12.014285714285716,
            19.0,
            14.342857142857143,
            14.342857142857143,
            12.014285714285716,
            9.685714285714289,
            7.357142857142858,
            7.357142857142858,
            5.02857142857143,
            9.685714285714289,
            9.685714285714289,
            9.685714285714289,
            7.357142857142858,
            12.014285714285716
        ],
        "POMBL": [
            21.42857142857143,
            14.285714285714288,
            14.285714285714288,
            7.142857142857145,
            7.142857142857145,
            0.0,
            0.0,
            7.142857142857145,
            14.285714285714288,
            7.142857142857145,
            14.285714285714288,
            21.42857142857143,
            21.42857142857143,
            21.42857142857143,
            21.42857142857143,
            42.85714285714287,
            28.57142857142857,
            50.0,
            35.714285714285715,
            35.714285714285715,
            28.57142857142857,
            21.42857142857143,
            14.285714285714288,
            14.285714285714288,
            7.142857142857145,
            21.42857142857143,
            21.42857142857143,
            21.42857142857143,
            14.285714285714288,
            28.57142857142857
        ],
        "COCHE": [
            4.285714285714287,
            3.3571428571428577,
            3.3571428571428577,
            2.428571428571429,
            2.428571428571429,
            1.5,
            1.5,
            2.428571428571429,
            3.3571428571428577,
            2.428571428571429,
            3.3571428571428577,
            4.285714285714287,
            4.285714285714287,
            4.285714285714287,
            4.285714285714287,
            7.071428571428573,
            5.2142857142857135,
            8.0,
            6.142857142857143,
            6.142857142857143,
            5.2142857142857135,
            4.285714285714287,
            3.3571428571428577,
            3.3571428571428577,
            2.428571428571429,
            4.285714285714287,
            4.285714285714287,
            4.285714285714287,
            3.3571428571428577,
            5.2142857142857135
        ],