{
    "lower_number": 5,
    "lower": {
        "Beta_0": [
            -2756.319315157214,
            -2694.3578710559345,
            -2329.6372291315965,
            -2171.551125798002,
            -3375.8640984982426
        ],
        "Beta_s": [
            27253.21507787024,
            26274.618184711817,
            22108.68565426047,
            19834.06090997981,
            31549.625379110264
        ],
        "Beta_u": [
            20.563173633984643,
            30.449259163271993,
            40.64526352640985,
            50.14022824594338,
            52.13514834430364
        ]
    },
    "upper_number": 15,
    "upper": {
        "Beta_0": [
            -3404.94642270012,
            -5171.818439775806,
            -8055.333347728022,
            -3829.174529493254,
            -3484.503554865082,
            -6887.877761608822,
            -4412.975797989569,
            -4285.976052807735,
            -9200.521926299889,
            -5858.7481507838565,
            -11623.329897355165,
            -6107.875030180482,
            -3928.082919803808,
            -5179.488880775307,
            -10072.326571043197
        ],
        "Beta_s": [
            33589.92315606637,
            50667.26835648116,
            89717.48424661625,
            38629.64113115591,
            44998.01460910419,
            72267.82586456266,
            46959.649352602006,
            49215.190448185924,
            106478.1111599475,
            74668.17407951904,
            153960.4469061208,
            85046.44596925876,
            73163.55244732204,
            52562.51546833706,
            126646.81876299102
        ],
        "Beta_u": [
            42.7577857639248,
            44.8127000683278,
            10.484716208477936,
            39.35441020287294,
            8.344044853488814,
            28.291574302807348,
            30.482241558928337,
            19.402989751077964,
            -4.7807960278799335,
            -8.974512164452168,
            -66.2150743432768,
            -30.3268192464571,
            -55.59325946506264,
            37.401133192674976,
            -35.839979782936744
        ]
    },
    "U_max_i_k_h": [
        3.2713323130416785,
        4.9069984695625175,
        7.360497704343777,
        15.538828486947972,
        40.07382083476056
    ],
    "U_min_i_k_h": [
        0,
        4.089165391302098,
        5.724831547822937,
        7.360497704343777,
        9.813996939125035
    ],
    "P_min_i_k_h": [
        0,
        54.24024011365219,
        111.07809832603178,
        178.3637191095035,
        326.6374644280214
    ],
    "P_max_i_k_h": [
        67.26922851336587,
        112.40341179329934,
        205.54733084603993,
        593.5511171837912,
        1380.82
    ],
    "Upper_Compensation_i_k_h": [
        1417.0063892846783,
        1478.337984357187,
        461.84847669575583,
        1337.9102017488294,
        357.22008822136695,
        1037.116795930188,
        1089.7808879114205,
        737.5168251871687,
        124.71253346258777,
        127.9037530080559,
        267.2937247424693,
        196.2053726579436,
        215.69869826199556,
        1296.7272156007061,
        226.89785938698037
    ],
    "Lower_Compensation_i_k_h": [
        1401.2359490377562,
        1437.008464081829,
        1488.3458360137774,
        1557.429963224277,
        1591.6917052331764
    ]
}