{
    "lower_number": 5,
    "lower": {
        "Beta_0": [
            -81.90899937680261,
            -138.48943878366376,
            -201.66814658208477,
            -231.29555584232747,
            -268.5470752232055
        ],
        "Beta_s": [
            179.05309212944613,
            182.93326816821389,
            187.11686462837332,
            176.33262041115532,
            171.45915815867522
        ],
        "Beta_u": [
            24.255760906428385,
            36.297877259784414,
            45.695025083084566,
            49.70482009067135,
            53.71059656860882
        ]
    },
    "upper_number": 15,
    "upper": {
        "Beta_0": [
            485.0371442072626,
            -65.3840686286544,
            4.161111504276964,
            3610.9529534006665,
            4030.972153805874,
            786.2744007099241,
            -234.59530019323282,
            77.52807835818554,
            340.35125747092616,
            1253.1371226747783,
            4146.87724334991,
            2475.9555046723212,
            2808.2909544398685,
            1906.772727966329,
            986.3052069515884
        ],
        "Beta_s": [
            616.8749252429814,
            296.77590276749197,
            396.1600862535888,
            1090.7888356836545,
            545.3563761613603,
            606.2322893226321,
            439.3114412103421,
            465.8053505158635,
            440.2207188627268,
            642.1810075380591,
            913.2527157541117,
            959.443807999357,
            590.9727830747242,
            636.7244045418134,
            388.66574277143945
        ],
        "Beta_u": [
            25.65607947017686,
            43.92376081908114,
            40.48652106291653,
            -46.303537213863905,
            -51.19947911949446,
            18.299673263695887,
            48.076867312618944,
            37.658379370747866,
            30.717981610917448,
            7.089301022963717,
            -56.17846431442221,
            -21.8422091105074,
            -26.47621809278676,
            -7.512930867991453,
            15.333773699188898
        ]
    },
    "U_max_i_k_h": [
        4.101723222260515,
        6.1525848333907724,
        8.20344644452103,
        9.228877250086159,
        50.2461094726913
    ],
    "U_min_i_k_h": [
        0,
        5.127154027825643,
        7.178015638955901,
        8.20344644452103,
        10.254308055651286
    ],
    "P_min_i_k_h": [
        0,
        88.18567791446421,
        167.8295907806263,
        215.5617140224817,
        320.24354841538593
    ],
    "P_max_i_k_h": [
        94.18557336056239,
        163.10053819240943,
        253.2426173801802,
        302.864385017575,
        1863.02
    ],
    "Upper_Compensation_i_k_h": [
        1218.360939587638,
        1839.772609303221,
        1748.1863478269975,
        313.9147381356395,
        260.86169985197216,
        919.4839701628523,
        1977.3728008921246,
        1659.3736945375344,
        1402.2245867671804,
        444.64866549338535,
        313.54046450350575,
        248.95486424163573,
        231.17856979708085,
        169.7187536432059,
        767.7043220220628
    ],
    "Lower_Compensation_i_k_h": [
        1882.4056988571126,
        1938.125606208501,
        2000.3764904171776,
        2032.3955921548345,
        2070.7279311808766
    ]
}