{
    "lower_number": 5,
    "lower": {
        "Beta_0": [
            -81.31454032129771,
            -132.49215377044223,
            -195.310139183956,
            -240.29148512791036,
            -325.92762441259146
        ],
        "Beta_s": [
            187.85798676165055,
            183.5931076885505,
            170.97876510903524,
            163.9071821711573,
            242.91168506330635
        ],
        "Beta_u": [
            24.041044284843906,
            36.86647703635507,
            48.19464212584545,
            54.41888316996348,
            59.750158994615916
        ]
    },
    "upper_number": 15,
    "upper": {
        "Beta_0": [
            34.71395324452823,
            4532.1146159364625,
            4313.135334364917,
            3534.4245911861753,
            -176.55829991359093,
            1588.7033460978585,
            3130.2894378826654,
            -52.27118609489002,
            501.7876075391103,
            788.0664755346031,
            2100.5051425748866,
            253.93957103768918,
            850.3775902440373,
            129.3155182064325,
            2410.866672210943
        ],
        "Beta_s": [
            416.3308617567881,
            1104.34243493996,
            800.2719343171544,
            595.1114664864106,
            381.77651775813894,
            539.6827959775122,
            955.0976578403613,
            281.18329018350823,
            573.1691079521505,
            353.4323217289897,
            834.4232151979754,
            405.76344724300753,
            652.5947076583062,
            322.5172453024031,
            575.5841209204228
        ],
        "Beta_u": [
            41.1629942902308,
            -77.23040620557154,
            -70.23735121526228,
            -50.67609061366745,
            49.423891522214085,
            -3.1699552121173,
            -43.8156887451009,
            45.90131533366858,
            25.574593823074018,
            19.581966713786688,
            -18.137231546404216,
            34.25370705998876,
            15.311701464503187,
            39.04207327880026,
            -23.854766953421972
        ]
    },
    "U_max_i_k_h": [
        3.623577548975898,
        5.435366323463847,
        7.247155097951796,
        12.682521421415643,
        44.38882497495475
    ],
    "U_min_i_k_h": [
        0,
        4.529471936219872,
        6.341260710707822,
        8.15304948519577,
        9.96483825968372
    ],
    "P_min_i_k_h": [
        0,
        74.98527151899165,
        148.014290224344,
        239.5383522406089,
        370.4078451375067
    ],
    "P_max_i_k_h": [
        87.11459058721304,
        147.35913881894584,
        227.97225954447293,
        486.7373077819215,
        1711.65
    ],
    "Upper_Compensation_i_k_h": [
        1572.2885494369086,
        351.31282282486745,
        326.9418433591477,
        282.59968118302777,
        1791.1818181716283,
        131.80427821409558,
        302.81412911310304,
        1689.0807008307293,
        1070.623970270238,
        832.8084002793123,
        219.37682262972044,
        1355.3935917372241,
        704.5165451110392,
        1498.377726927648,
        219.89734575753164
    ],
    "Lower_Compensation_i_k_h": [
        1738.7070992931021,
        1790.8253386111585,
        1856.4254373615895,
        1902.9664321798762,
        1971.1780025829664
    ]
}