{
    "lower_number": 5,
    "lower": {
        "Beta_0": [
            -1.6123711714747725e-07,
            -5.264009936548549,
            -18.07948359626575,
            -27.254495720056195,
            -36.413059309565305
        ],
        "Beta_s": [
            7.117406073770742e-10,
            0.023194446315160808,
            0.029823513902146707,
            0.028425973021426906,
            0.047758717279553074
        ],
        "Beta_u": [
            4.483682474158319,
            14.88130287623902,
            25.680784877771227,
            30.695785360231536,
            32.684784521031204
        ]
    },
    "upper_number": 15,
    "upper": {
        "Beta_0": [
            685.5090921228248,
            475.7151220798853,
            36.3040258670396,
            640.6584985605726,
            453.5960182769102,
            100.24596726104052,
            221.52123411069184,
            237.56562299883473,
            86.60553158646692,
            66.04210585329301,
            325.0483583965207,
            346.31218100721287,
            65.7251187210256,
            142.5423811614343,
            133.80403439232353
        ],
        "Beta_s": [
            0.15563898298449466,
            0.1127028482885259,
            0.05760326901301869,
            0.11103086620134821,
            0.07884098902823652,
            0.0708387387272939,
            0.0978685661122854,
            0.06103568382086518,
            0.058269969594054435,
            0.0605165945905453,
            0.06064409175054019,
            0.1038870916566046,
            0.048281228346916706,
            0.08137609054417641,
            0.049661704363541066
        ],
        "Beta_u": [
            -32.736544996749984,
            -17.194486651849417,
            21.0179913935424,
            -29.291336248556807,
            -15.232066829057382,
            13.826529330239106,
            2.8928163575142714,
            1.866322030272028,
            15.285567577019984,
            17.457380272998023,
            -5.139692660649991,
            -7.231420136408291,
            17.647109569654884,
            9.808890703802517,
            10.932048026343118
        ]
    },
    "U_max_i_k_h": [
        0.28658447014731087,
        1.1463378805892435,
        1.7195068208838653,
        4.585351522356974,
        14.042639037218233
    ],
    "U_min_i_k_h": [
        0,
        0,
        1.1463378805892435,
        2.006091291031176,
        2.5792602313257977
    ],
    "P_min_i_k_h": [
        0,
        2.6580426748523678e-09,
        13.431358270034785,
        34.32405196246657,
        57.84360051107622
    ],
    "P_max_i_k_h": [
        1.2849536741556693,
        13.298994102779215,
        32.84728666836314,
        113.4964704114244,
        278.08
    ],
    "Upper_Compensation_i_k_h": [
        48.6150770315229,
        40.157531841638246,
        238.1126585722955,
        45.085847735031734,
        34.71908243366306,
        174.17071717829458,
        52.89545032864325,
        36.85106144050036,
        187.81115285286816,
        208.37457858604208,
        21.54317483856198,
        29.652726134175282,
        208.6915657183095,
        131.8743032779008,
        140.61265004701156
    ],
    "Lower_Compensation_i_k_h": [
        274.4166846005722,
        279.68069437588366,
        292.4961680356008,
        301.67118015939127,
        310.8297437489004
    ]
}