{
    "1": {
        "TIGNE": [
            2.130957711484798,
            2.0,
            2.103797382631886,
            2.1523006415105,
            2.2695042729606705,
            2.2948416597662016,
            2.14214944038472,
            2.472241594236844,
            2.6515265893567435,
            2.5038111904272102,
            2.530864154609081,
            2.4725414771424554,
            2.5199651575608675,
            2.5338857220393587,
            2.4020124120216466,
            2.3873398005333795,
            2.451093093787308,
            2.3235554315014304,
            2.3012750543311205,
            2.4300682703207124,
            2.64631834827791,
            2.6809246708146626,
            2.9126717087089045,
            4.0,
            3.925166527696205,
            3.756522267829872,
            3.3887073160142167,
            2.9306867623364536,
            2.543529527879677,
            2.0735050898944323
        ],
        "MTRIG": [
            3.767305348601107,
            2.7,
            3.5459486684498707,
            3.941250228310577,
            4.896459824629465,
            5.102959527094544,
            3.858517939135469,
            6.548768993030277,
            8.00994170325746,
            6.806061201981764,
            7.0265428600640085,
            6.551213038711011,
            6.937716034121072,
            7.0511686346207725,
            5.97640115797642,
            5.856819374347044,
            6.376408714366558,
            5.336976766736659,
            5.155391692798633,
            6.205056403113806,
            7.967494538464966,
            8.249536067139498,
            10.13827442597757,
            19.0,
            18.390107200724067,
            17.015656482813455,
            14.017964625515866,
            10.2850971130421,
            7.129765652219369,
            3.2990664826396223
        ],
        "POMBL": [
            3.27394278711996,
            0.0,
            2.5949345657971485,
            3.807516037762506,
            6.737606824016764,
            7.371041494155041,
            3.553736009618002,
            11.806039855921092,
            16.28816473391859,
            12.595279760680258,
            13.27160386522702,
            11.813536928561383,
            12.999128939021691,
            13.347143050983965,
            10.050310300541163,
            9.68349501333449,
            11.277327344682693,
            8.088885787535762,
            7.531876358278016,
            10.75170675801781,
            16.15795870694775,
            17.02311677036656,
            22.81679271772261,
            50.0,
            48.12916319240512,
            43.9130566957468,
            34.71768290035542,
            23.26716905841134,
            13.588238196991927,
            1.837627247360804
        ],
        "COCHE": [
            1.9256125623255944,
            1.5,
            1.8373414935536292,
            1.9949770849091255,
            2.375888887122179,
            2.458235394240156,
            1.9619856812503405,
            3.0347851812697417,
            3.617461415409417,
            3.137386368888434,
            3.2253085024795123,
            3.03575980071298,
            3.18988676207282,
            3.2351285966279155,
            2.8065403390703514,
            2.758854351733484,
            2.96605255480875,
            2.551555152379649,
            2.479143926576142,
            2.897721878542315,
            3.600534631903207,
            3.7130051801476527,
            4.466183053303938,
            8.0,
            7.756791215012665,
            7.208697370447084,
            6.013298777046204,
            4.524731977593474,
            3.2664709656089506,
            1.7388915421569044
        ],
        "RANDE": [
            7.458351990196794,
            7.0,
            7.363290839211601,
            7.5330522452867505,
            7.943264955362347,
            8.031945809181705,
            7.49752304134652,
            8.652845579828952,
            9.280343062748605,
            8.763339166495236,
            8.858024541131783,
            8.653895169998593,
            8.819878051463037,
            8.868600027137756,
            8.407043442075762,
            8.355689301866828,
            8.578825828255576,
            8.132444010255007,
            8.054462690158923,
            8.505238946122493,
            9.262114218972684,
            9.383236347851318,
            10.194350980481165,
            14.0,
            13.738082846936717,
            13.14782793740455,
            11.86047560604976,
            10.257403668177588,
            8.90235334757887,
            7.257267814630513
        ]
    },
    "2": {
        "TIGNE": [
            3.300298452739693,
            3.1677588398744634,
            2.905246462837096,
            2.961706583993273,
            2.5676837952560123,
            2.7405694551046302,
            2.449602459351198,
            2.122112577052362,
            2.498759364500469,
            2.2952495105941426,
            2.2152338703665686,
            2.0,
            2.2712003493214823,
            2.26257349383294,
            2.3870574309139503,
            2.432478128801676,
            2.3107105000484043,
            2.566586727505152,
            2.7354920815959423,
            2.490500514366609,
            2.745702131514184,
            2.885148537848731,
            3.0120440217330198,
            3.0614316108800548,
            3.287759441683467,
            3.321430570334704,
            3.5346280744495595,
            3.962546039487718,
            4.0,
            3.962029028265781
        ],
        "MTRIG": [
            13.297432389828504,
            12.21723454497688,
            10.077758672122332,
            10.537908659545176,
            7.3266229313365,
            8.735641059102736,
            6.364260043712266,
            3.6952175029767487,
            6.764888820678828,
            5.106283511342263,
            4.454156043487535,
            2.7,
            4.910282846970081,
            4.839973974738458,
            5.854518061948694,
            6.224696749733656,
            5.232290575394494,
            7.317681829166987,
            8.694260465006927,
            6.697579192087861,
            8.777472371840599,
            9.913960583467158,
            10.948158777124108,
            11.350667628672449,
            13.195239449720258,
            13.46965914822784,
            15.207218806763912,
            18.694750221824904,
            19.0,
            18.690536580366118
        ],
        "POMBL": [
            32.50746131849234,
            29.19397099686159,
            22.631161570927397,
            24.042664599831827,
            14.192094881400305,
            18.51423637761575,
            11.240061483779954,
            3.0528144263090446,
            12.46898411251174,
            7.381237764853567,
            5.380846759164216,
            0.0,
            6.780008733037059,
            6.564337345823488,
            9.676435772848754,
            10.811953220041891,
            7.767762501210104,
            14.164668187628791,
            18.38730203989855,
            12.262512859165218,
            18.6425532878546,
            22.12871344621828,
            25.30110054332548,
            26.53579027200137,
            32.19398604208668,
            33.03576425836761,
            38.36570186123899,
            49.06365098719295,
            50.0,
            49.05072570664452
        ],