{
    "Beta_0": [
        8.947244644321417e-05,
        -2091.9678509772,
        -1704.2622818597383,
        -2161.659744554125,
        13.075176964807625,
        -892.5438333641207,
        -1386.7842909976644,
        -2207.621798045975,
        -1515.2676165524247,
        -1535.0815840252176
    ],
    "Beta_s": [
        -0.0008637454853481079,
        24046.0405615787,
        47574.5769423359,
        43444.745742346095,
        28237.329301184873,
        22676.03998399042,
        13956.966397845761,
        34437.12404902673,
        21443.833421101415,
        16927.918382767864
    ],
    "Beta_u": [
        49.49603645904135,
        31.296476346692284,
        -69.10730031236199,
        -39.43953642079675,
        -61.30613074524391,
        -10.241298857352293,
        46.914077188490666,
        -5.455393252274586,
        18.131234560395942,
        38.59850252544383
    ]
}