{
    "Beta_0": [
        -5195.8293042947535,
        -6179.441537117424,
        -8435.152810616137,
        -10404.402478426802,
        -3703.367818863017,
        -4231.052632828432,
        -8919.385869663633,
        -6165.771141359953,
        -5845.812475338508,
        -4441.466312307864
    ],
    "Beta_s": [
        52025.14928606752,
        63629.054471637144,
        120017.86805856379,
        130188.31768492446,
        37127.18136264352,
        44386.771982256105,
        106556.69786411637,
        68327.1518115778,
        68939.85768406965,
        67919.61331639282
    ],
    "Beta_u": [
        40.099888200846706,
        33.51962382200738,
        -60.863739732341266,
        -36.42296328551672,
        40.34783415651714,
        33.045546325475186,
        -12.81210674990848,
        18.076199355441137,
        6.845930569700897,
        -28.77578667816775
    ]
}