{
    "Beta_0": [
        3.122218247610731e-09,
        0.0016501914404371532,
        60.519293708582325,
        46.0527891378579,
        18.26437907014254,
        11.518041813293786,
        2.346191302828924,
        32.6256766826433,
        23.047391460729237,
        5.747618792738733
    ],
    "Beta_s": [
        0.0003035113874357017,
        868669.5406718788,
        1898395.7792118879,
        2376214.5887490115,
        1949010.9676046257,
        1431286.485353912,
        999381.7167633107,
        1954847.6009910267,
        1192840.0140596963,
        1191267.594426854
    ],
    "Beta_u": [
        0.5101559226681995,
        0.48383039658740823,
        -0.4952538990621746,
        -0.3023105163414488,
        0.10828183201752031,
        0.22242287559725388,
        0.4153866548758984,
        -0.10915446854424825,
        0.040412631886835276,
        0.3327668627241794
    ]
}