{
    "Beta_0": [
        127.09490495062688,
        9.533734934873037,
        1.7605944738761216e-07,
        0.00811922532527913,
        17.42626881957217,
        89.67483281433232,
        136.18669282123057,
        60.747186731311004,
        46.63626971142958,
        33.92194551704238
    ],
    "Beta_s": [
        3130559.4067663266,
        2455908.0723155444,
        -0.17433850127461462,
        2173245.192124676,
        2442583.118209959,
        4069938.352726625,
        6148549.270169553,
        3893438.369079286,
        2448656.08476288,
        4244375.805242126
    ],
    "Beta_u": [
        -0.560974322134128,
        0.2997271979690263,
        0.40983313214984773,
        0.3885572660643688,
        0.23351145395110712,
        -0.3106572097070007,
        -0.6337373859850132,
        -0.10423216151851904,
        0.0065354188000241184,
        0.09638493761886663
    ]
}