{
    "Beta_0": [
        4239.233585149834,
        1270.1517984746579,
        2410.8670136859,
        1606.2293004497337,
        649.1414932526867,
        -67.30677580636942,
        -12.014238911347114,
        189.59727715832685,
        461.73345239097034,
        4496.43077573484
    ],
    "Beta_s": [
        626.4429159018574,
        328.0629365673691,
        575.5885289187848,
        602.1877261811093,
        594.6843821633576,
        305.1747870504371,
        378.58511842403976,
        317.58759549805376,
        387.15363329737477,
        1064.9357747365157
    ],
    "Beta_u": [
        -67.15470089536308,
        7.0444601560924704,
        -23.854812274701498,
        -4.130202176608263,
        21.25364786087886,
        46.14914676029098,
        43.18900950537773,
        37.20147429450385,
        28.335186902910912,
        -76.18950806077936
    ]
}