{
    "Beta_0": [
        4033.062021710914,
        -84.03950051293873,
        4313.798944806601,
        -67.02994833136503,
        484.8541322722965,
        607.6221564631908,
        2823.3188840095813,
        1910.454838676243,
        1261.7728778206545,
        77.26465038070485
    ],
    "Beta_s": [
        562.9634472765493,
        378.93777922667914,
        1161.9754479475494,
        302.24096429114866,
        616.5473367050851,
        368.33301935549844,
        665.4821189461517,
        650.4758838032811,
        667.8585563735667,
        463.91473268648605
    ],
    "Beta_u": [
        -51.38362255007946,
        43.597079301592956,
        -60.94301958971768,
        43.90405477520588,
        25.662816491207476,
        24.63714834165997,
        -27.352188439518734,
        -7.692725165604623,
        6.716011571175727,
        37.681608937718714
    ]
}