{
    "Beta_0": [
        0.03174287661180265,
        0.023934177235106893,
        3.2427881509579464e-07,
        116.05725246136332,
        312.8192600957809,
        43.954429233542555,
        21.099953395211404,
        211.76072492017954,
        186.6042958809999,
        76.36516902157874
    ],
    "Beta_s": [
        6840489.667907088,
        5157739.818924483,
        -0.3219948612685812,
        7419998.147348547,
        13172606.931495935,
        5804189.446876812,
        7593173.703199609,
        9099331.506473036,
        13057620.257322144,
        9139543.595596733
    ],
    "Beta_u": [
        1.0248450210834212,
        1.0318107385511,
        1.0853441564757667,
        0.06902501699142087,
        -1.3310400092111998,
        0.6380174964428973,
        0.822649142259474,
        -0.6264027417509336,
        -0.46234024335174306,
        0.36366850988540705
    ]
}