{
    "Beta_0": [
        -1250.113455318823,
        -852.2911079368596,
        -1563.727877609381,
        -521.3373550254286,
        -1403.1057863272126,
        -1293.9732079369464,
        -1941.6933266989847,
        -503.5318122519181,
        -1412.4264650000828,
        -1100.7054371495346
    ],
    "Beta_s": [
        19595.462463295138,
        21251.454029009557,
        12895.486338757268,
        25233.39595911156,
        13395.600285202627,
        9219.654162911653,
        19250.409633681185,
        10604.38979483741,
        10985.530733731592,
        7842.607098258195
    ],
    "Beta_u": [
        -1.5312273180907046,
        -4.888013383948677,
        5.953075416385383,
        -9.447260302032717,
        4.430399759611396,
        8.032762628203852,
        2.650323960787621,
        1.4861003481530737,
        6.844179076773536,
        8.069179247037294
    ]
}