{
    "Beta_0": [
        4.498737729959802e-05,
        -654.7990629891887,
        -2249.656708300735,
        -1343.6363839239166,
        -889.444706422771,
        -1958.1827536765825,
        -2713.9975929239836,
        -1444.4461025161868,
        -2165.075032121273,
        -1632.9737212705184
    ],
    "Beta_s": [
        -0.00031012033898681756,
        20046.455860801172,
        35535.182442852434,
        9535.865657639732,
        12175.42609118552,
        14409.967492251384,
        24610.446508308807,
        21075.06766666706,
        17138.416743058737,
        14129.628581143634
    ],
    "Beta_u": [
        9.075248201520944,
        -8.464323773310156,
        -12.65077439076977,
        8.644902285798985,
        1.3777559058536368,
        7.710362275784738,
        1.753353749372919,
        -3.9646849978139835,
        5.973088332308511,
        5.08199236862186
    ]
}