{
    "Beta_0": [
        1076.3645175182849,
        75.9652006239924,
        713.3680776845772,
        981.2518475757881,
        8.766904098778653,
        126.88917643034009,
        531.2763091939231,
        48.010869900572935,
        258.7360878451603,
        420.6353271562551
    ],
    "Beta_s": [
        0.22248115243149677,
        0.08213357221468456,
        0.12050227875257657,
        0.10619723243416436,
        0.06035443513879908,
        0.09725005458096246,
        0.15350701926977706,
        0.06748908515776506,
        0.10982384980237798,
        0.09378995324963438
    ],
    "Beta_u": [
        -37.456496041050166,
        18.67202659353184,
        -18.523601987263387,
        -31.998645675353412,
        25.005651623529776,
        14.900307162437876,
        -9.068609026062385,
        21.127052596666,
        6.5374005452611375,
        -2.6206405578424676
    ]
}