{
    "Beta_0": [
        1.31379221483148e-07,
        -1.568304720677585e-07,
        677.563580622525,
        616.9786487919564,
        62.94997331666521,
        413.22109415719075,
        125.6632451817528,
        324.702693487421,
        176.06674699565343,
        24.22292850947493
    ],
    "Beta_s": [
        8.45806079273315e-09,
        0.03767914381767098,
        0.14889116611986722,
        0.07556004669626006,
        0.05697198119764283,
        0.11699322813608909,
        0.07772280504540993,
        0.05906030804602396,
        0.060557065180702085,
        0.04436155131205188
    ],
    "Beta_u": [
        28.222896202434896,
        26.79748722436013,
        -32.152648997903604,
        -27.183002313940783,
        17.828190117446262,
        -12.473683732973367,
        11.372035328111973,
        -5.088999218821534,
        7.038833901581262,
        22.934175628348406
    ]
}