{
    "Beta_plus": {
        "1": [
            60.71,
            49.29,
            61.23,
            54.71,
            41.11,
            39.87,
            38.11,
            49.14,
            49.41,
            51.31,
            51.83,
            54.08,
            62.61,
            50.6,
            42.16,
            47.63,
            42.97,
            49.98,
            48.23,
            47.2,
            48.53,
            42.69,
            45.2,
            42.31,
            45.5,
            41.37,
            52.26,
            46.66,
            36.84,
            46.50589128687423
        ],
        "2": [
            60.71,
            49.29,
            61.23,
            54.71,
            41.11,
            39.87,
            38.11,
            49.14,
            49.41,
            51.31,
            51.83,
            54.08,
            62.61,
            50.6,
            42.16,
            47.63,
            42.97,
            49.98,
            48.23,
            47.2,
            48.53,
            42.69,
            45.2,
            42.31,
            45.5,
            41.37,
            52.26,
            46.66,
            36.84,
            46.50589128687423
        ]
    },
    "Beta_minus": {
        "1": [
            121.42,
            98.58,
            122.46,
            109.42,
            82.22,
            79.74,
            76.22,
            98.28,
            98.82,
            102.62,
            103.66,
            108.16,
            125.22,
            101.2,
            84.32,
            95.26,
            85.94,
            99.96,
            96.46,
            94.4,
            97.06,
            85.38,
            90.4,
            84.62,
            91.0,
            82.74,
            104.52,
            93.32,
            73.68,
            93.01178257374846
        ],
        "2": [
            121.42,
            98.58,
            122.46,
            109.42,
            82.22,
            79.74,
            76.22,
            98.28,
            98.82,
            102.62,
            103.66,
            108.16,
            125.22,
            101.2,
            84.32,
            95.26,
            85.94,
            99.96,
            96.46,
            94.4,
            97.06,
            85.38,
            90.4,
            84.62,
            91.0,
            82.74,
            104.52,
            93.32,
            73.68,
            93.01178257374846
        ]
    }
}