{
    "Beta_plus": {
        "1": [
            60.71,
            49.29,
            61.23,
            54.71,
            41.11,
            39.87,
            38.11,
            49.14,
            49.41,
            51.31,
            51.83,
            54.08,
            62.61,
            50.6,
            42.16,
            47.63,
            42.97,
            49.98,
            48.23,
            47.2,
            48.53,
            42.69,
            45.2,
            42.31,
            45.5,
            41.37,
            52.26,
            46.66,
            36.84,
            46.50589128687423
        ],
        "2": [
            64.38,
            57.57,
            54.6,
            47.99,
            56.36,
            44.7,
            18.47,
            31.89,
            40.7,
            32.66,
            35.23,
            44.42,
            37.53,
            45.58,
            71.29,
            72.0,
            69.28,
            68.41,
            48.73,
            45.76,
            60.56,
            50.96,
            50.0,
            49.25,
            53.0,
            50.0,
            47.28,
            52.09,
            57.3,
            47.835586687668844
        ]
    },
    "Beta_minus": {
        "1": [
            121.42,
            98.58,
            122.46,
            109.42,
            82.22,
            79.74,
            76.22,
            98.28,
            98.82,
            102.62,
            103.66,
            108.16,
            125.22,
            101.2,
            84.32,
            95.26,
            85.94,
            99.96,
            96.46,
            94.4,
            97.06,
            85.38,
            90.4,
            84.62,
            91.0,
            82.74,
            104.52,
            93.32,
            73.68,
            93.01178257374846
        ],
        "2": [
            128.76,
            115.14,
            109.2,
            95.98,
            112.72,
            89.4,
            36.94,
            63.78,
            81.4,
            65.32,
            70.46,
            88.84,
            75.06,
            91.16,
            142.58,
            144.0,
            138.56,
            136.82,
            97.46,
            91.52,
            121.12,
            101.92,
            100.0,
            98.5,
            106.0,
            100.0,
            94.56,
            104.18,
            114.6,
            95.67117337533769
        ]
    }
}