{
    "Beta_0": [
        8.947244644321417e-05,
        -1390.9264643511099,
        -2091.9678509772,
        -1704.2622818597383,
        -912.4346501932749,
        42.904009794987054,
        -2161.659744554125,
        13.075176964807625,
        -892.5438333641207,
        -1531.3390575401181,
        -1905.380700351107,
        -1266.2464285903525,
        -1386.7842909976644,
        -2218.6600952682747,
        -2207.621798045975,
        -2123.5032327250337,
        -1515.2676165524247,
        -1535.0815840252176,
        -1315.7174624558006,
        -1103.4825226093767
    ],
    "Beta_s": [
        -0.0008637454853481079,
        31043.625475110668,
        24046.0405615787,
        47574.5769423359,
        18353.525868616205,
        19218.53391141544,
        43444.745742346095,
        28237.329301184873,
        22676.03998399042,
        15950.158357037319,
        20635.542016462317,
        12743.841251303895,
        13956.966397845761,
        30531.980323203505,
        34437.12404902673,
        25787.116873189167,
        21443.833421101415,
        16927.918382767864,
        15901.953517788384,
        15134.319376689433
    ],
    "Beta_u": [
        49.49603645904135,
        -22.77099570108035,
        31.296476346692284,
        -69.10730031236199,
        6.848638347323777,
        -30.998910275021355,
        -39.43953642079675,
        -61.30613074524391,
        -10.241298857352293,
        43.52741718765373,
        38.47632670893822,
        47.06959137183677,
        46.914077188490666,
        9.832557750967524,
        -5.455393252274586,
        25.148352846301847,
        18.131234560395942,
        38.59850252544383,
        33.285569290446105,
        27.501782605946214
    ]
}