{
    "Beta_0": [
        3.122218247610731e-09,
        67.02332619480737,
        9.032866825580513,
        0.0016501914404371532,
        34.07661629080184,
        23.88079632496169,
        9.658062151641369,
        3.8423807414115037,
        62.68964399277747,
        60.519293708582325,
        46.0527891378579,
        18.26437907014254,
        11.518041813293786,
        2.346191302828924,
        43.974534718995535,
        16.87918793170526,
        32.6256766826433,
        23.047391460729237,
        5.747618792738733,
        7.125355446334713
    ],
    "Beta_s": [
        0.0003035113874357017,
        3508551.5709200297,
        1188866.903568804,
        868669.5406718788,
        2479495.7040541214,
        1927526.9725444312,
        1602865.1064557014,
        1120201.203290813,
        2557792.5126504875,
        1898395.7792118879,
        2376214.5887490115,
        1949010.9676046257,
        1431286.485353912,
        999381.7167633107,
        1714727.5949476801,
        1187043.208084465,
        1954847.6009910267,
        1192840.0140596963,
        1191267.594426854,
        1347832.14222079
    ],
    "Beta_u": [
        0.5101559226681995,
        -0.5907159792343102,
        0.2688389840109596,
        0.48383039658740823,
        -0.13265499096654707,
        0.020947254145199497,
        0.2543105635165758,
        0.3765844840150295,
        -0.5296884799874247,
        -0.4952538990621746,
        -0.3023105163414488,
        0.10828183201752031,
        0.22242287559725388,
        0.4153866548758984,
        -0.2682499560191324,
        0.13646709905704327,
        -0.10915446854424825,
        0.040412631886835276,
        0.3327668627241794,
        0.30330585412132643
    ]
}