{
    "Beta_0": [
        4033.062021710914,
        -84.03950051293873,
        4313.798944806601,
        -67.02994833136503,
        340.3524945080429,
        796.5792278671238,
        484.8541322722965,
        2448.004209149886,
        188.84515650535837,
        607.6221564631908,
        1236.1660028253661,
        1896.9694286621764,
        2823.3188840095813,
        1910.454838676243,
        7.234177756486246,
        -27.546125044334637,
        1261.7728778206545,
        3502.339148950233,
        197.79028144812807,
        77.26465038070485
    ],
    "Beta_s": [
        562.9634472765493,
        378.93777922667914,
        1161.9754479475494,
        302.24096429114866,
        440.2153472608176,
        637.3601611336379,
        616.5473367050851,
        917.5650991630994,
        341.1741193012985,
        368.33301935549844,
        403.02539467069744,
        377.0103654050559,
        665.4821189461517,
        650.4758838032811,
        332.4020077258533,
        427.39365493640577,
        667.8585563735667,
        929.6108378967465,
        549.7761292598542,
        463.91473268648605
    ],
    "Beta_u": [
        -51.38362255007946,
        43.597079301592956,
        -60.94301958971768,
        43.90405477520588,
        30.717998058896228,
        17.8398522919421,
        25.662816491207476,
        -21.01914265606068,
        35.74266938071748,
        24.63714834165997,
        9.399817747290946,
        -5.163711473288908,
        -27.352188439518734,
        -7.692725165604623,
        41.09796130787006,
        41.20725509302554,
        6.716011571175727,
        -43.18386010750957,
        33.64096566201848,
        37.681608937718714
    ]
}