{
    "Beta_0": [
        4239.233585149834,
        -50.49159837344834,
        3618.918749918261,
        1270.1517984746579,
        1954.1482109264782,
        2410.8670136859,
        1606.2293004497337,
        270.2670294853961,
        649.1414932526867,
        -67.30677580636942,
        2524.067631907813,
        3508.6129355498165,
        1067.5353285611523,
        -12.014238911347114,
        189.59727715832685,
        461.73345239097034,
        19.810417237105284,
        4496.43077573484,
        87.64293418355382,
        782.9371517777303
    ],
    "Beta_s": [
        626.4429159018574,
        260.70175074910327,
        798.7744288378129,
        328.0629365673691,
        334.1928481939296,
        575.5885289187848,
        602.1877261811093,
        488.7752339573748,
        594.6843821633576,
        305.1747870504371,
        822.1279363259442,
        462.1095876963985,
        667.2235249975789,
        378.58511842403976,
        317.58759549805376,
        387.15363329737477,
        290.3979284705424,
        1064.9357747365157,
        418.9390919061703,
        398.91118580501205
    ],
    "Beta_u": [
        -67.15470089536308,
        46.15965229161567,
        -54.261056532238285,
        7.0444601560924704,
        -10.363670232150904,
        -23.854812274701498,
        -4.130202176608263,
        33.01104659169314,
        21.25364786087886,
        46.14914676029098,
        -28.450539658125606,
        -48.867754459078206,
        9.368860609796917,
        43.18900950537773,
        37.20147429450385,
        28.335186902910912,
        43.11685748911893,
        -76.18950806077936,
        39.34596695909172,
        19.248968676498407
    ]
}