{
    "Beta_0": [
        0.03174287661180265,
        7.677477745296172,
        0.023934177235106893,
        300.67734221829784,
        171.07863472129455,
        3.2427881509579464e-07,
        18.29799983553565,
        116.05725246136332,
        312.8192600957809,
        8.080381286549134,
        43.954429233542555,
        21.099953395211404,
        40.53140580516626,
        211.76072492017954,
        123.29777039189295,
        186.6042958809999,
        225.18064083191072,
        71.95292214029615,
        76.36516902157874,
        284.4068283035957
    ],
    "Beta_s": [
        6840489.667907088,
        5004876.690459949,
        5157739.818924483,
        7914868.339608019,
        6062091.54578337,
        -0.3219948612685812,
        5013229.304090567,
        7419998.147348547,
        13172606.931495935,
        7602688.261647111,
        5804189.446876812,
        7593173.703199609,
        9605378.255528707,
        9099331.506473036,
        11241573.83422085,
        13057620.257322144,
        13796511.421761654,
        5097193.778546938,
        9139543.595596733,
        17484878.765708495
    ],
    "Beta_u": [
        1.0248450210834212,
        0.9583500425441889,
        1.0318107385511,
        -1.2257393837210933,
        -0.3226577742759694,
        1.0853441564757667,
        0.8615059453955312,
        0.06902501699142087,
        -1.3310400092111998,
        0.9422306936288247,
        0.6380174964428973,
        0.822649142259474,
        0.6521153726505828,
        -0.6264027417509336,
        0.0012823903619039454,
        -0.46234024335174306,
        -0.7353140720461223,
        0.41934351178806895,
        0.36366850988540705,
        -1.1471194742139266
    ]
}