{
    "Beta_0": [
        4.498737729959802e-05,
        -654.7990629891887,
        -945.4904297098011,
        -606.9499705583381,
        -2249.656708300735,
        -1343.6363839239166,
        -889.444706422771,
        -2624.2129339932503,
        -1958.1827536765825,
        -1461.072734462472,
        -1609.5842319167436,
        -2535.0359212481685,
        -2702.3497824766387,
        -2713.9975929239836,
        -1444.4461025161868,
        -2165.075032121273,
        -2150.7718776682873,
        -1440.1213472461316,
        -1632.9737212705184,
        -1638.9902229368843
    ],
    "Beta_s": [
        -0.00031012033898681756,
        20046.455860801172,
        25323.070484610424,
        13023.222424854266,
        35535.182442852434,
        9535.865657639732,
        12175.42609118552,
        32539.552632281448,
        14409.967492251384,
        10685.10207356407,
        15335.112227363434,
        20854.580687607075,
        27099.44018430167,
        24610.446508308807,
        21075.06766666706,
        17138.416743058737,
        16154.23423276424,
        11093.06393212371,
        14129.628581143634,
        11738.939772480864
    ],
    "Beta_u": [
        9.075248201520944,
        -8.464323773310156,
        -11.630479477022364,
        -1.653416961582771,
        -12.65077439076977,
        8.644902285798985,
        1.3777559058536368,
        -7.1678485610686,
        7.710362275784738,
        8.08426779817972,
        3.4648593435200423,
        4.614118697267381,
        -1.034146798064554,
        1.753353749372919,
        -3.9646849978139835,
        5.973088332308511,
        7.146385876496595,
        7.26254829429817,
        5.08199236862186,
        8.397666347674331
    ]
}