{
    "Beta_0": [
        428.31956685148236,
        -1250.113455318823,
        -215.37789219633456,
        -852.2911079368596,
        -1563.727877609381,
        -1792.6809395947637,
        -521.3373550254286,
        -1540.0048900200795,
        -1672.865602896105,
        -1174.2842664215905,
        -1191.3938526108375,
        -1403.1057863272126,
        -1293.9732079369464,
        -1941.6933266989847,
        -1171.8595616404946,
        -503.5318122519181,
        -801.8202865271252,
        -1387.7357624292597,
        -1412.4264650000828,
        -1100.7054371495346
    ],
    "Beta_s": [
        17577.119669112722,
        19595.462463295138,
        13748.37245422504,
        21251.454029009557,
        12895.486338757268,
        15358.739719636016,
        25233.39595911156,
        30236.254211382275,
        19503.771677992772,
        9557.945552273812,
        9039.77327205788,
        13395.600285202627,
        9219.654162911653,
        19250.409633681185,
        10669.57169932448,
        10604.38979483741,
        10540.370935467125,
        10442.143554125798,
        10985.530733731592,
        7842.607098258195
    ],
    "Beta_u": [
        -8.708017914258859,
        -1.5312273180907046,
        -2.5787722669850193,
        -4.888013383948677,
        5.953075416385383,
        5.13917464382539,
        -9.447260302032717,
        -7.8892484092753445,
        0.8822338155154779,
        6.593140150841021,
        7.319729035672227,
        4.430399759611396,
        8.032762628203852,
        2.650323960787621,
        5.459830826999272,
        1.4861003481530737,
        3.2715014570733847,
        7.2811172376059945,
        6.844179076773536,
        8.069179247037294
    ]
}