{
    "Beta_0": [
        108.8877823156942,
        383.0030042894239,
        1076.3645175182849,
        594.5627356686625,
        75.9652006239924,
        747.5654487779194,
        1023.1325168423565,
        713.3680776845772,
        981.2518475757881,
        8.766904098778653,
        9.145704680245553,
        126.88917643034009,
        531.2763091939231,
        48.010869900572935,
        191.59581770029985,
        258.7360878451603,
        420.6353271562551,
        182.77574877983346,
        250.7856715182947,
        33.990996267437424
    ],
    "Beta_s": [
        0.06738234647059885,
        0.14832525630784993,
        0.22248115243149677,
        0.09965539622616829,
        0.08213357221468456,
        0.1700353100317372,
        0.16907346741239254,
        0.12050227875257657,
        0.10619723243416436,
        0.06035443513879908,
        0.05611699573883832,
        0.09725005458096246,
        0.15350701926977706,
        0.06748908515776506,
        0.10982243897424497,
        0.10982384980237798,
        0.09378995324963438,
        0.07447908073815224,
        0.06927879973033338,
        0.0662223155913568
    ],
    "Beta_u": [
        16.410177406680607,
        -0.8309118023379328,
        -37.456496041050166,
        -12.104819312860279,
        18.67202659353184,
        -20.599991559103156,
        -34.593269248876396,
        -18.523601987263387,
        -31.998645675353412,
        25.005651623529776,
        25.0290602441913,
        14.900307162437876,
        -9.068609026062385,
        21.127052596666,
        10.636398112126804,
        6.5374005452611375,
        -2.6206405578424676,
        11.464759743680293,
        7.373028970088635,
        22.41933465133699
    ]
}