{
    "Beta_0": [
        1.31379221483148e-07,
        95.12031415879082,
        -1.568304720677585e-07,
        677.563580622525,
        616.9786487919564,
        221.75641082112827,
        62.94997331666521,
        92.32989509230656,
        413.22109415719075,
        445.159139222068,
        286.70895908953827,
        125.6632451817528,
        555.9109345781796,
        236.60974852175337,
        133.7245133437411,
        324.702693487421,
        176.06674699565343,
        78.80197352850061,
        24.22292850947493,
        43.56847281495984
    ],
    "Beta_s": [
        8.45806079273315e-09,
        0.0577464105271336,
        0.03767914381767098,
        0.14889116611986722,
        0.07556004669626006,
        0.09811993317452435,
        0.05697198119764283,
        0.07014729855072588,
        0.11699322813608909,
        0.05621488522636349,
        0.08541058375051276,
        0.07772280504540993,
        0.1164595714181493,
        0.0543610419597811,
        0.0500804521768563,
        0.05906030804602396,
        0.060557065180702085,
        0.04791739769202781,
        0.04436155131205188,
        0.04886489729775846
    ],
    "Beta_u": [
        28.222896202434896,
        14.44320222632372,
        26.79748722436013,
        -32.152648997903604,
        -27.183002313940783,
        2.8725040013527883,
        17.828190117446262,
        14.61826829715058,
        -12.473683732973367,
        -14.275019828282371,
        -2.3858548955921552,
        11.372035328111973,
        -23.17098837310783,
        2.043338003962014,
        10.932048189529073,
        -5.088999218821534,
        7.038833901581262,
        16.251315243550238,
        22.934175628348406,
        20.254308832147522
    ]
}