{
    "Beta_u_i_k_nu": [
        0.0,
        4.937223737641458,
        9.874447475282915,
        14.811671212924374,
        19.74889495056583,
        24.686118688207287,
        26.537577589822835,
        30.240495393053926
    ],
    "Beta_s_i_k_ns": [
        0.09936146392053968,
        0.10033863218320778,
        0.10235404172496074
    ],
    "Beta_p_i_k_ns_nu": [
        [
            0.0,
            141.24366966592203,
            432.6555969916141,
            694.0800031869389,
            904.7592254121599,
            1054.408911023596,
            1068.5008164519402,
            927.9991280948796
        ],
        [
            0.0,
            149.29051601730225,
            441.95474099277067,
            708.0616826215742,
            924.3637517744262,
            1082.4628998590588,
            1101.9153603239968,
            979.4193283996567
        ],
        [
            0.0,
            166.29191164933246,
            458.1030895897784,
            733.1190187339125,
            956.6654537620276,
            1121.8649536258838,
            1146.7887271625104,
            1047.2110156424305
        ]
    ],
    "K_i_k_ns_nu": [
        [
            0.0,
            8.046846351380225,
            9.299144001156549,
            13.981679434635225,
            19.604526362266256,
            28.05398883546286,
            33.41454387205658
        ],
        [
            0.0,
            16.148348597007725,
            16.148348597007725,
            25.057336112338362,
            32.301701987601405,
            39.40205376682502,
            44.873366838513675
        ]
    ]
}