{
    "Beta_u_i_k_nu": [
        0.0,
        6.542664626083357,
        13.085329252166714,
        19.62799387825007,
        26.170658504333428,
        32.71332313041678,
        35.984655443458465,
        40.07382083476056
    ],
    "Beta_s_i_k_ns": [
        0.09987151995743179,
        0.10028487159425047,
        0.101137409345189
    ],
    "Beta_p_i_k_ns_nu": [
        [
            0.0,
            144.63661876157306,
            471.02621522692874,
            780.5294897962093,
            1046.3870963839233,
            1243.8190401373602,
            1260.74472659937,
            1097.9272447248666
        ],
        [
            0.0,
            153.47128114256023,
            481.410928516708,
            797.033185399486,
            1069.7757608341399,
            1277.484383570688,
            1303.8256151561327,
            1160.7494984235198
        ],
        [
            0.0,
            172.8577558855116,
            498.9577511326886,
            825.2657825641164,
            1107.470506170148,
            1324.6233687602871,
            1360.8508635948692,
            1242.33347822168
        ]
    ],
    "K_i_k_ns_nu": [
        [
            0.0,
            8.834662380987169,
            10.384713289779256,
            16.503695603276697,
            23.388664450216538,
            33.665343433327735,
            43.0808885567626
        ],
        [
            0.0,
            17.546822615980602,
            17.546822615980602,
            28.23259716463042,
            37.694745336008054,
            47.138985189599225,
            57.025248438736526
        ]
    ]
}