{
    "Beta_u_i_k_nu": [
        0.0,
        12.372312683565337,
        24.744625367130674,
        37.11693805069601,
        49.48925073426135,
        61.86156341782669,
        66.50118067416369,
        75.78041518683769
    ],
    "Beta_s_i_k_ns": [
        0.0,
        3.3076746760441244e-07,
        1.012975369538513e-06
    ],
    "Beta_p_i_k_ns_nu": [
        [
            0.0,
            4.19519757625433,
            11.657553162814215,
            17.75813585818394,
            22.120301440361622,
            24.944292004667325,
            25.15608922534171,
            22.244872867865244
        ],
        [
            0.0,
            4.406119288235309,
            11.901368417050884,
            18.09283278917851,
            22.577708851257256,
            25.58450607510276,
            25.9063030234786,
            23.353321635407365
        ],
        [
            0.0,
            4.822926352134027,
            12.340300229860391,
            18.736021172624056,
            23.360078557027848,
            26.494973970501146,
            26.927778781324097,
            24.86315412789537
        ]
    ],
    "K_i_k_ns_nu": [
        [
            0.0,
            0.21092171198097898,
            0.24381525423666872,
            0.33469693099456777,
            0.45740741089563386,
            0.6402140704354338,
            0.7502137981368904
        ],
        [
            0.0,
            0.4168070638987178,
            0.438931812809507,
            0.6431883834455476,
            0.7823697057705914,
            0.9104678953983871,
            1.0214757578454972
        ]
    ]
}