{
    "Beta_u_i_k_nu": [
        0.0,
        24.699817766233927,
        49.399635532467855,
        74.09945329870177,
        98.79927106493571,
        123.49908883116964,
        135.8489977142866,
        151.2863838181828
    ],
    "Beta_s_i_k_ns": [
        0.0,
        3.3116825588362254e-07,
        1.014202783643594e-06
    ],
    "Beta_p_i_k_ns_nu": [
        [
            0.0,
            5.041672384290901,
            16.898740905439738,
            28.304938574380735,
            38.22872020865752,
            45.64747196536732,
            46.25100278625315,
            39.98283924540046
        ],
        [
            0.0,
            5.362118218607626,
            17.271837453936723,
            28.907102023196547,
            39.08704917532024,
            46.89095237157175,
            47.85115756969079,
            42.33469347909409
        ],
        [
            0.0,
            6.075039849975362,
            17.898803322509,
            29.92807602780243,
            40.463533501734176,
            48.62562028838058,
            49.96054576193512,
            45.37455474713904
        ]
    ],
    "K_i_k_ns_nu": [
        [
            0.0,
            0.32044583431672535,
            0.37309654849698504,
            0.6021634488158121,
            0.8583289666627181,
            1.2434804062044265,
            1.6001547834376382
        ],
        [
            0.0,
            0.6269658685722774,
            0.6269658685722774,
            1.0209740046058826,
            1.3764843264139373,
            1.7346679168088315,
            2.1093881922443316
        ]
    ]
}