{
    "Beta_u_i_k_nu": [
        0.0,
        7.247155097951796,
        14.494310195903592,
        21.741465293855388,
        28.988620391807185,
        36.23577548975898,
        38.953458651490905,
        44.38882497495475
    ],
    "Beta_s_i_k_ns": [
        0.22055159191847173,
        0.2898738913445982,
        0.432851133910984
    ],
    "Beta_p_i_k_ns_nu": [
        [
            0.0,
            191.9157696232919,
            613.206088836397,
            1000.1662316291067,
            1319.3399998300285,
            1549.1056235216379,
            1569.6119234321957,
            1344.2171098222643
        ],
        [
            0.0,
            203.52853694816147,
            626.3961879294599,
            1020.4916758193128,
            1348.131955386121,
            1590.7918683701405,
            1619.631791337793,
            1422.5303046626573
        ],
        [
            0.0,
            228.61850747275795,
            649.1295971073025,
            1056.42113442529,
            1395.179699865986,
            1648.945518060543,
            1686.3162040875497,
            1524.88198591953
        ]
    ],
    "K_i_k_ns_nu": [
        [
            0.0,
            11.612767324869566,
            13.190099093062827,
            20.3254441902061,
            28.79195555609249,
            41.68624484850261,
            50.019867905597266
        ],
        [
            0.0,
            22.733409177842645,
            22.733409177842645,
            35.92945860597706,
            47.04774447986506,
            58.15364969040252,
            66.6844127497568
        ]
    ]
}