{
    "Beta_u_i_k_nu": [
        0.0,
        8.20344644452103,
        16.40689288904206,
        24.61033933356309,
        32.81378577808412,
        41.017232222605145,
        45.11895544486566,
        50.2461094726913
    ],
    "Beta_s_i_k_ns": [
        0.22177655005210758,
        0.2890590731435413,
        0.4278292770196233
    ],
    "Beta_p_i_k_ns_nu": [
        [
            0.0,
            215.56171153028225,
            660.7702983821416,
            1071.007145625169,
            1414.966721101164,
            1667.6166737659125,
            1694.0003779448496,
            1506.0105394728985
        ],
        [
            0.0,
            227.60863768708887,
            675.3678827268878,
            1093.510731087762,
            1446.4065922206735,
            1712.077846677762,
            1750.0422967459212,
            1585.9717785001878
        ],
        [
            0.0,
            253.24307234377957,
            700.2433273427671,
            1132.570183129147,
            1497.5531023623375,
            1774.9794872449872,
            1825.0743216979824,
            1690.9770529094653
        ]
    ],
    "K_i_k_ns_nu": [
        [
            0.0,
            12.04692615680662,
            14.597584344746224,
            22.503585462593037,
            31.439871119509462,
            44.46117291184942,
            56.04191880107169
        ],
        [
            0.0,
            24.875444615879246,
            24.875444615879246,
            39.05945204138493,
            51.146510141664066,
            62.901640567225286,
            75.03202495206119
        ]
    ]
}