{
    "Beta_u_i_k_nu": [
        0.0,
        24.701292428669557,
        49.402584857339114,
        74.10387728600867,
        98.80516971467823,
        123.50646214334779,
        135.85710835768256,
        151.29541612560104
    ],
    "Beta_s_i_k_ns": [
        0.0,
        3.301662601113942e-07,
        1.0111341715911446e-06
    ],
    "Beta_p_i_k_ns_nu": [
        [
            0.0,
            14.360804772823995,
            45.47200287924814,
            75.16919441943537,
            101.09010597270782,
            120.65667001185972,
            123.02674132491241,
            109.63203144576292
        ],
        [
            0.0,
            15.189624616234122,
            46.49658672413913,
            76.80304161922022,
            103.38408176141175,
            123.90424589187484,
            127.13048601796326,
            115.51123144336944
        ],
        [
            0.0,
            16.993431418670408,
            48.210237755792754,
            79.55326907631064,
            107.0643346403487,
            128.4969802947062,
            132.61820295317193,
            123.16293487685661
        ]
    ],
    "K_i_k_ns_nu": [
        [
            0.0,
            0.8288198434101268,
            1.0245838448909907,
            1.633847199784853,
            2.293975788703932,
            3.2475758800151198,
            4.1037446930508565
        ],
        [
            0.0,
            1.713651031653626,
            1.713651031653626,
            2.7502274570904177,
            3.6802528789369546,
            4.592734402831354,
            5.487716935208667
        ]
    ]
}