{
    "Beta_u_i_k_nu": [
        0.0,
        24.535723433557358,
        49.071446867114716,
        73.60717030067207,
        98.14289373422943,
        122.6786171677868,
        134.94647888456547,
        150.28130603053881
    ],
    "Beta_s_i_k_ns": [
        0.14090347448785367,
        0.14206764946297637,
        0.1444687603491669
    ],
    "Beta_p_i_k_ns_nu": [
        [
            0.0,
            127.27974131336785,
            392.56534958792054,
            632.1350983138574,
            826.7547736327857,
            965.8062150794839,
            974.8629654518546,
            850.2596355650153
        ],
        [
            0.0,
            134.58851172554895,
            401.0271504630452,
            644.9421858612666,
            844.7363257297975,
            991.5575168325926,
            1007.6117065759965,
            897.5691666762228
        ],
        [
            0.0,
            150.09931974236798,
            415.6755670998682,
            667.767721747656,
            874.28429083032,
            1027.7107687421474,
            1051.126938190783,
            959.8231551801855
        ]
    ],
    "K_i_k_ns_nu": [
        [
            0.0,
            7.308770412181104,
            8.461800875124652,
            12.807087547409196,
            17.981552097011786,
            25.75130175310869,
            32.74874112414193
        ],
        [
            0.0,
            14.648416636823015,
            14.648416636823015,
            22.82553588638939,
            29.547965100522447,
            36.1532519095548,
            43.515231614786444
        ]
    ]
}