{
    "Beta_u_i_k_nu": [
        0.0,
        33.17716777007738,
        66.35433554015476,
        99.53150331023215,
        132.70867108030953,
        165.8858388503869,
        182.4744227354256,
        203.21015259172395
    ],
    "Beta_s_i_k_ns": [
        0.14034945903323873,
        0.14210481025572266,
        0.14572522215209574
    ],
    "Beta_p_i_k_ns_nu": [
        [
            0.0,
            173.16768255890543,
            505.762148429896,
            799.2091835494391,
            1033.346838191322,
            1199.6854322947918,
            1215.7531057171723,
            1088.5514764217673
        ],
        [
            0.0,
            182.28236014984864,
            516.7657591850872,
            815.47072878211,
            1055.8199801234077,
            1231.1767833546573,
            1255.072345811959,
            1143.8467903119015
        ],
        [
            0.0,
            201.06174930050028,
            535.8707499192891,
            844.641003270617,
            1092.9948510864845,
            1275.9592347871667,
            1308.0600403304318,
            1217.4755078048418
        ]
    ],
    "K_i_k_ns_nu": [
        [
            0.0,
            9.114677590943217,
            11.003610755191175,
            16.26154523267087,
            22.47314193208581,
            31.491351059865565,
            39.319240094786664
        ],
        [
            0.0,
            18.77938915065164,
            19.10499073420192,
            29.17027448850706,
            37.17487096307673,
            44.78245143250933,
            52.987694518472836
        ]
    ]
}