{
    "Beta_u_i_k_nu": [
        0.0,
        3.3133809628138633,
        6.626761925627727,
        9.94014288844159,
        13.253523851255453,
        16.566904814069318,
        17.809422675124516,
        20.294458397234912
    ],
    "Beta_s_i_k_ns": [
        0.0,
        73.68808260471846,
        225.66975297695026
    ],
    "Beta_p_i_k_ns_nu": [
        [
            0.0,
            57.06507524816175,
            165.87645481599387,
            256.6250093990351,
            322.611869326518,
            365.5522091843597,
            367.6508752372557,
            315.1262357997834
        ],
        [
            0.0,
            60.162008225670355,
            169.30149033577067,
            261.412131035733,
            329.2622609685309,
            375.0838077001355,
            378.98340538335526,
            332.466153251175
        ],
        [
            0.0,
            66.45064886735187,
            175.47227109136512,
            270.6020482646296,
            340.5819247540079,
            388.45034622861607,
            394.177343984217,
            355.7797769004965
        ]
    ],
    "K_i_k_ns_nu": [
        [
            0.0,
            3.096932977508608,
            3.4250355197767988,
            4.787121636697918,
            6.650391642012892,
            9.531598515775784,
            11.332530146099543
        ],
        [
            0.0,
            6.17078075559445,
            6.17078075559445,
            9.189917228896604,
            11.319663785477019,
            13.36653852848059,
            15.193938600861713
        ]
    ]
}