{
    "Beta_u_i_k_nu": [
        0.0,
        2.292675761178487,
        4.585351522356974,
        6.878027283535461,
        9.170703044713948,
        11.463378805892434,
        12.323132216334367,
        14.042639037218233
    ],
    "Beta_s_i_k_ns": [
        0.0,
        74.1065496868033,
        226.95130841583514
    ],
    "Beta_p_i_k_ns_nu": [
        [
            0.0,
            43.12098752528635,
            119.65542698693729,
            181.84775168248981,
            225.84818511216653,
            254.02616401604166,
            255.93869119202833,
            225.59644052282442
        ],
        [
            0.0,
            45.29143579675115,
            122.14663703872594,
            185.24685739724947,
            230.49347454178704,
            260.5382231480873,
            263.5748285126931,
            236.89595237028496
        ],
        [
            0.0,
            49.57229884653034,
            126.64688889889328,
            191.82327271174609,
            238.46348228898188,
            269.78995378698016,
            273.9605379097392,
            252.3084948044472
        ]
    ],
    "K_i_k_ns_nu": [
        [
            0.0,
            2.1704482714647995,
            2.4912100517886557,
            3.3991057147596564,
            4.6452894296205045,
            6.512059132045636,
            7.636137320664773
        ],
        [
            0.0,
            4.280863049779185,
            4.500251860167339,
            6.576415314496614,
            7.970007747194842,
            9.251730638892866,
            10.385709397046071
        ]
    ]
}