{
    "Beta_0": [
        29298290.172930207,
        -4918.426329645251,
        -12408.605422055454,
        -4559.633273297717,
        -3822.097485113096,
        -5330.941612974105,
        -5195.8293042947535,
        -3439.426544722133,
        -6179.441537117424,
        -7395.2237628944995,
        -8435.152810616137,
        -7411.540624736603,
        -10404.402478426802,
        -3703.367818863017,
        -4126.410160687376,
        -3878.7317677011856,
        -4231.052632828432,
        -8919.385869663633,
        -4411.6506477166,
        -6165.771141359953,
        -5297.867330217682,
        -8048.195867557264,
        -6298.192277039055,
        -8201.635979181907,
        -5845.812475338508,
        -3357.6770683971677,
        -4441.466312307864,
        -4371.070365500931,
        -5353.355071628271,
        -6324.0751139598215
    ],
    "Beta_s": [
        -289687722.78616095,
        50256.09057173543,
        156283.20925186417,
        79652.3363360701,
        44558.99316114036,
        53856.41969674206,
        52025.14928606752,
        47049.966907356524,
        63629.054471637144,
        103364.04552361161,
        120017.86805856379,
        78645.63399254678,
        130188.31768492446,
        37127.18136264352,
        41901.26364773492,
        42548.552199408135,
        44386.771982256105,
        106556.69786411637,
        44255.550254225585,
        68327.1518115778,
        55904.16694688186,
        87891.58533264455,
        67084.52698020119,
        93379.19527989795,
        68939.85768406965,
        52732.04896519972,
        67919.61331639282,
        51812.581967224774,
        69485.52663047375,
        83066.64656552693
    ],
    "Beta_u": [
        41.608260890737476,
        36.34867586854905,
        -52.12196534894054,
        -56.17597161435261,
        19.58620623880983,
        38.202162109811134,
        40.099888200846706,
        1.1674892424145276,
        33.51962382200738,
        -44.750544497272045,
        -60.863739732341266,
        24.61596799229932,
        -36.42296328551672,
        40.34783415651714,
        38.13060502051388,
        27.61469443006117,
        33.045546325475186,
        -12.81210674990848,
        39.93088981608593,
        18.076199355441137,
        29.967755999604446,
        15.71821477696715,
        26.026891613545082,
        4.075371060344498,
        6.845930569700897,
        -16.836497580481797,
        -28.77578667816775,
        14.127454787382886,
        -8.526880073062726,
        -19.28592714780873
    ]
}