{
    "Beta_0": [
        127.09490495062688,
        0.009623329695395534,
        9.533734934873037,
        1.7605944738761216e-07,
        2.566191564310206,
        0.00811922532527913,
        2.8606089618707715,
        8.664114989146396,
        0.0064680871632394376,
        22.784367550942356,
        67.12915815495157,
        17.42626881957217,
        87.84062670013782,
        89.67483281433232,
        130.787311482733,
        136.18669282123057,
        13.015039695237306,
        71.54961454280493,
        60.747186731311004,
        118.61619825512892,
        94.65225238654972,
        46.63626971142958,
        3.9874719569232813,
        15.110180349124805,
        33.92194551704238,
        37.12905174978253,
        50.84850852351998,
        29.85466287967105,
        24.664329468563842,
        48.97049559452621
    ],
    "Beta_s": [
        3130559.4067663266,
        2575843.5778520564,
        2455908.0723155444,
        -0.17433850127461462,
        2804685.6783698625,
        2173245.192124676,
        2478837.6385138654,
        3248255.327077248,
        1731290.7839530131,
        1885287.0143429134,
        5740200.343401614,
        2442583.118209959,
        2855147.815722603,
        4069938.352726625,
        4604207.129420864,
        6148549.270169553,
        1977312.1297696084,
        2717500.448039673,
        3893438.369079286,
        6418663.169775252,
        5418177.806027368,
        2448656.08476288,
        2001696.8553464261,
        3535739.877668739,
        4244375.805242126,
        2137555.3693665,
        4587558.706417187,
        2942401.8820768837,
        3469808.2139912373,
        3673371.0042746468
    ],
    "Beta_u": [
        -0.560974322134128,
        0.38726342305248856,
        0.2997271979690263,
        0.40983313214984773,
        0.3613237721113002,
        0.3885572660643688,
        0.359430687985289,
        0.30475728693901416,
        0.39182144182896983,
        0.19387378721864534,
        -0.15373560325083918,
        0.23351145395110712,
        -0.2918375328457631,
        -0.3106572097070007,
        -0.5929832232007524,
        -0.6337373859850132,
        0.2731051669370812,
        -0.17630596392324696,
        -0.10423216151851904,
        -0.5156346843700864,
        -0.3492136597032995,
        0.0065354188000241184,
        0.35170607211371624,
        0.24891010449424048,
        0.09638493761886663,
        0.08025354023948339,
        -0.032983818839080095,
        0.13167253168340212,
        0.1707686002769101,
        -0.016742523073946976
    ]
}