{
    "Beta_0": [
        3.122218247610731e-09,
        11.5347714634862,
        67.02332619480737,
        9.032866825580513,
        0.0016501914404371532,
        56.53107835375015,
        34.07661629080184,
        23.88079632496169,
        9.658062151641369,
        3.8423807414115037,
        1.3772426298148361,
        62.68964399277747,
        60.519293708582325,
        46.0527891378579,
        18.26437907014254,
        11.518041813293786,
        14.693486458715562,
        7.46802517769742,
        12.492770161025506,
        5.046215650195865,
        2.346191302828924,
        43.974534718995535,
        37.12734437123975,
        26.815658106878466,
        16.87918793170526,
        32.6256766826433,
        3.417265465006036,
        23.047391460729237,
        5.747618792738733,
        7.125355446334713
    ],
    "Beta_s": [
        0.0003035113874357017,
        925296.4598850148,
        3508551.5709200297,
        1188866.903568804,
        868669.5406718788,
        3083641.6249434603,
        2479495.7040541214,
        1927526.9725444312,
        1602865.1064557014,
        1120201.203290813,
        912140.1988075889,
        2557792.5126504875,
        1898395.7792118879,
        2376214.5887490115,
        1949010.9676046257,
        1431286.485353912,
        1302072.9054457613,
        1065739.0156090644,
        1822705.9333485756,
        1044841.6053729397,
        999381.7167633107,
        1714727.5949476801,
        1482554.9453358308,
        1104699.8049554059,
        1187043.208084465,
        1954847.6009910267,
        1030865.3085150209,
        1192840.0140596963,
        1191267.594426854,
        1347832.14222079
    ],
    "Beta_u": [
        0.5101559226681995,
        0.2286536825815293,
        -0.5907159792343102,
        0.2688389840109596,
        0.48383039658740823,
        -0.448930156309302,
        -0.13265499096654707,
        0.020947254145199497,
        0.2543105635165758,
        0.3765844840150295,
        0.4428513290045471,
        -0.5296884799874247,
        -0.4952538990621746,
        -0.3023105163414488,
        0.10828183201752031,
        0.22242287559725388,
        0.17043223227759663,
        0.299884676584956,
        0.20374545941808023,
        0.3499242281811662,
        0.4153866548758984,
        -0.2682499560191324,
        -0.1694738949781906,
        -0.015021935064692607,
        0.13646709905704327,
        -0.10915446854424825,
        0.38779413408865493,
        0.040412631886835276,
        0.3327668627241794,
        0.30330585412132643
    ]
}