{
    "Beta_0": [
        4239.233585149834,
        357.4817944832686,
        -50.49159837344834,
        3618.918749918261,
        1270.1517984746579,
        3126.904176736701,
        1954.1482109264782,
        1676.4598567347846,
        2410.8670136859,
        1606.2293004497337,
        -70.10985910484081,
        87.65307595317665,
        270.2670294853961,
        478.28534274322317,
        649.1414932526867,
        -67.30677580636942,
        2524.067631907813,
        3508.6129355498165,
        1067.5353285611523,
        -12.014238911347114,
        189.59727715832685,
        461.73345239097034,
        19.810417237105284,
        4496.43077573484,
        4396.240443394486,
        1263.5495689489173,
        2389.1777011264935,
        87.64293418355382,
        -7.4381554908167375,
        782.9371517777303
    ],
    "Beta_s": [
        626.4429159018574,
        316.2718141510138,
        260.70175074910327,
        798.7744288378129,
        328.0629365673691,
        951.5751414259158,
        334.1928481939296,
        747.488258569538,
        575.5885289187848,
        602.1877261811093,
        329.6725580199251,
        300.677399662648,
        488.7752339573748,
        515.6472391892974,
        594.6843821633576,
        305.1747870504371,
        822.1279363259442,
        462.1095876963985,
        667.2235249975789,
        378.58511842403976,
        317.58759549805376,
        387.15363329737477,
        290.3979284705424,
        1064.9357747365157,
        935.3893682000946,
        472.03216442463037,
        402.2363137214279,
        418.9390919061703,
        343.2976679575235,
        398.91118580501205
    ],
    "Beta_u": [
        -67.15470089536308,
        32.14682126646497,
        46.15965229161567,
        -54.261056532238285,
        7.0444601560924704,
        -43.71470775634818,
        -10.363670232150904,
        -6.9579290158484595,
        -23.854812274701498,
        -4.130202176608263,
        45.96815298677466,
        40.67400679400433,
        33.01104659169314,
        26.680052290386993,
        21.25364786087886,
        46.14914676029098,
        -28.450539658125606,
        -48.867754459078206,
        9.368860609796917,
        43.18900950537773,
        37.20147429450385,
        28.335186902910912,
        43.11685748911893,
        -76.18950806077936,
        -73.09082737858326,
        5.776715247092933,
        -21.730726769534446,
        39.34596695909172,
        43.395137351499585,
        19.248968676498407
    ]
}