{
    "Beta_0": [
        0.013886346191212168,
        0.03174287661180265,
        7.677477745296172,
        0.023934177235106893,
        300.67734221829784,
        34.93368559421682,
        171.07863472129455,
        0.6820857692180209,
        8.918371066725344,
        3.2427881509579464e-07,
        18.29799983553565,
        116.05725246136332,
        312.8192600957809,
        3231737429.842897,
        8.080381286549134,
        43.954429233542555,
        21.099953395211404,
        40.53140580516626,
        211.76072492017954,
        123.29777039189295,
        113.9759197411747,
        59.56350635234503,
        186.6042958809999,
        225.18064083191072,
        71.95292214029615,
        76.36516902157874,
        146.33170676412004,
        284.4068283035957,
        66.48873092185747,
        104.84968421195606
    ],
    "Beta_s": [
        2992464.2346022665,
        6840489.667907088,
        5004876.690459949,
        5157739.818924483,
        7914868.339608019,
        7189081.573462919,
        6062091.54578337,
        6507532.928044015,
        6637703.118971776,
        -0.3219948612685812,
        5013229.304090567,
        7419998.147348547,
        13172606.931495935,
        14056891.551040763,
        7602688.261647111,
        5804189.446876812,
        7593173.703199609,
        9605378.255528707,
        9099331.506473036,
        11241573.83422085,
        5747317.637655306,
        7815492.951764388,
        13057620.257322144,
        13796511.421761654,
        5097193.778546938,
        9139543.595596733,
        9564263.579208883,
        17484878.765708495,
        10335746.799311288,
        12990859.449273322
    ],
    "Beta_u": [
        1.0529678526011947,
        1.0248450210834212,
        0.9583500425441889,
        1.0318107385511,
        -1.2257393837210933,
        0.7051997183612844,
        -0.3226577742759694,
        1.0181725615955262,
        0.9367539644457313,
        1.0853441564757667,
        0.8615059453955312,
        0.06902501699142087,
        -1.3310400092111998,
        -21360444.364971828,
        0.9422306936288247,
        0.6380174964428973,
        0.822649142259474,
        0.6521153726505828,
        -0.6264027417509336,
        0.0012823903619039454,
        0.0947650087050486,
        0.5010862487978359,
        -0.46234024335174306,
        -0.7353140720461223,
        0.41934351178806895,
        0.36366850988540705,
        -0.16343488185691435,
        -1.1471194742139266,
        0.4391465445870128,
        0.13875437878277513
    ]
}