{
    "Beta_0": [
        343847745.3756679,
        -400.98213059807694,
        428.31956685148236,
        -1840.0503065132482,
        -1250.113455318823,
        -1704.0193897090842,
        -215.37789219633456,
        618.3580637927067,
        -852.2911079368596,
        -1563.727877609381,
        -1792.6809395947637,
        -521.3373550254286,
        -1540.0048900200795,
        -1672.865602896105,
        -1174.2842664215905,
        -1191.3938526108375,
        -1403.1057863272126,
        -1239.5704848325859,
        -1293.9732079369464,
        -1941.6933266989847,
        -1171.8595616404946,
        -503.5318122519181,
        -801.8202865271252,
        -1387.7357624292597,
        -1412.4264650000828,
        -861.8551760045768,
        -1561.4756407479888,
        -1100.7054371495346,
        -1142.2651262167865,
        -1337.2655460831102
    ],
    "Beta_s": [
        33659.56871388557,
        13051.340611480846,
        17577.119669112722,
        16789.125178087354,
        19595.462463295138,
        25637.22441143483,
        13748.37245422504,
        12779.508710359256,
        21251.454029009557,
        12895.486338757268,
        15358.739719636016,
        25233.39595911156,
        30236.254211382275,
        19503.771677992772,
        9557.945552273812,
        9039.77327205788,
        13395.600285202627,
        10484.671704272487,
        9219.654162911653,
        19250.409633681185,
        10669.57169932448,
        10604.38979483741,
        10540.370935467125,
        10442.143554125798,
        10985.530733731592,
        9477.730963501794,
        12445.523389940674,
        7842.607098258195,
        14060.408711920727,
        9819.534433805027
    ],
    "Beta_u": [
        -1692097.448296691,
        -1.0442284759020666,
        -8.708017914258859,
        4.146518540126533,
        -1.5312273180907046,
        -3.6840020117848664,
        -2.5787722669850193,
        -6.171365800837984,
        -4.888013383948677,
        5.953075416385383,
        5.13917464382539,
        -9.447260302032717,
        -7.8892484092753445,
        0.8822338155154779,
        6.593140150841021,
        7.319729035672227,
        4.430399759611396,
        6.100125515771559,
        8.032762628203852,
        2.650323960787621,
        5.459830826999272,
        1.4861003481530737,
        3.2715014570733847,
        7.2811172376059945,
        6.844179076773536,
        4.57718496676368,
        6.396293849239267,
        8.069179247037294,
        2.2897222580170906,
        7.624126205877289
    ]
}