{
    "Beta_0": [
        4.498737729959802e-05,
        -157.54977189940647,
        -654.7990629891887,
        -945.4904297098011,
        -606.9499705583381,
        -3210.938619727218,
        -2249.656708300735,
        -1343.6363839239166,
        -889.444706422771,
        -2413.83475912574,
        -2624.2129339932503,
        -1615.3626567710132,
        -1958.1827536765825,
        -1461.072734462472,
        -1609.5842319167436,
        -2535.0359212481685,
        -2702.3497824766387,
        -2713.9975929239836,
        -1768.5966827732304,
        -1444.4461025161868,
        -2165.075032121273,
        -2150.7718776682873,
        -1440.1213472461316,
        -1723.0045995811013,
        -2000.5612734049093,
        -2266.704160693298,
        -1632.9737212705184,
        -1912.7885549880202,
        -2379.1179470730244,
        -1638.9902229368843
    ],
    "Beta_s": [
        -0.00031012033898681756,
        13800.817844505314,
        20046.455860801172,
        25323.070484610424,
        13023.222424854266,
        43337.76584982229,
        35535.182442852434,
        9535.865657639732,
        12175.42609118552,
        21330.436942597888,
        32539.552632281448,
        13111.246878841503,
        14409.967492251384,
        10685.10207356407,
        15335.112227363434,
        20854.580687607075,
        27099.44018430167,
        24610.446508308807,
        13441.136545185936,
        21075.06766666706,
        17138.416743058737,
        16154.23423276424,
        11093.06393212371,
        12813.5817979384,
        21683.723983169326,
        17361.156442874286,
        14129.628581143634,
        18499.59863855524,
        28246.487029387714,
        11738.939772480864
    ],
    "Beta_u": [
        9.075248201520944,
        -5.674842942648613,
        -8.464323773310156,
        -11.630479477022364,
        -1.653416961582771,
        -13.607690001793161,
        -12.65077439076977,
        8.644902285798985,
        1.3777559058536368,
        3.05932236167726,
        -7.1678485610686,
        6.197000760392931,
        7.710362275784738,
        8.08426779817972,
        3.4648593435200423,
        4.614118697267381,
        -1.034146798064554,
        1.753353749372919,
        7.180523717847477,
        -3.9646849978139835,
        5.973088332308511,
        7.146385876496595,
        7.26254829429817,
        7.62230815752455,
        -0.5296464322560259,
        6.615426341484614,
        5.08199236862186,
        2.2779583168185757,
        -4.590780546457783,
        8.397666347674331
    ]
}