{
    "Beta_0": [
        108.8877823156942,
        383.0030042894239,
        1076.3645175182849,
        594.5627356686625,
        75.9652006239924,
        158.4769135590163,
        275.9148610331334,
        151.23938357873993,
        747.5654487779194,
        1023.1325168423565,
        661.6748640416145,
        713.3680776845772,
        363.15793988194645,
        981.2518475757881,
        8.766904098778653,
        9.145704680245553,
        126.88917643034009,
        531.2763091939231,
        95.63280602134698,
        917.0574367225407,
        78.8232366515917,
        48.010869900572935,
        54.53953179423509,
        191.59581770029985,
        258.7360878451603,
        420.6353271562551,
        182.77574877983346,
        250.7856715182947,
        350.98306010458055,
        33.990996267437424
    ],
    "Beta_s": [
        0.06738234647059885,
        0.14832525630784993,
        0.22248115243149677,
        0.09965539622616829,
        0.08213357221468456,
        0.0848848744756808,
        0.13755450058867247,
        0.11266224481653236,
        0.1700353100317372,
        0.16907346741239254,
        0.19438098051325728,
        0.12050227875257657,
        0.11760883990539278,
        0.10619723243416436,
        0.06035443513879908,
        0.05611699573883832,
        0.09725005458096246,
        0.15350701926977706,
        0.09284599039983184,
        0.21230591414524427,
        0.07157111192195788,
        0.06748908515776506,
        0.07472923850293196,
        0.10982243897424497,
        0.10982384980237798,
        0.09378995324963438,
        0.07447908073815224,
        0.06927879973033338,
        0.06908943143921846,
        0.0662223155913568
    ],
    "Beta_u": [
        16.410177406680607,
        -0.8309118023379328,
        -37.456496041050166,
        -12.104819312860279,
        18.67202659353184,
        12.90239600130217,
        5.412896156784058,
        13.221937111345452,
        -20.599991559103156,
        -34.593269248876396,
        -16.15097358486199,
        -18.523601987263387,
        0.42243364705643965,
        -31.998645675353412,
        25.005651623529776,
        25.0290602441913,
        14.900307162437876,
        -9.068609026062385,
        17.127712785633534,
        -29.423969996751563,
        18.5474695738079,
        21.127052596666,
        20.491350778144092,
        10.636398112126804,
        6.5374005452611375,
        -2.6206405578424676,
        11.464759743680293,
        7.373028970088635,
        1.5516204147723804,
        22.41933465133699
    ]
}