{
    "Beta_0": [
        1.31379221483148e-07,
        -1.5657835769143486e-07,
        95.12031415879082,
        -1.568304720677585e-07,
        677.563580622525,
        165.38441307382277,
        306.59686687274063,
        616.9786487919564,
        9883033.239263881,
        221.75641082112827,
        80.21575047066297,
        62.94997331666521,
        92.32989509230656,
        10.025094128550025,
        54.72986357388869,
        413.22109415719075,
        445.159139222068,
        286.70895908953827,
        125.6632451817528,
        555.9109345781796,
        236.60974852175337,
        541.1468412781185,
        386.8553876304941,
        133.7245133437411,
        324.702693487421,
        176.06674699565343,
        78.80197352850061,
        24.22292850947493,
        43.56847281495984,
        207.82374989595206
    ],
    "Beta_s": [
        8.45806079273315e-09,
        0.04007325897948977,
        0.0577464105271336,
        0.03767914381767098,
        0.14889116611986722,
        0.08843449272398647,
        0.11309371261582882,
        0.07556004669626006,
        0.10134461884042971,
        0.09811993317452435,
        0.060398358074189445,
        0.05697198119764283,
        0.07014729855072588,
        0.04071793413678657,
        0.050774317863040264,
        0.11699322813608909,
        0.05621488522636349,
        0.08541058375051276,
        0.07772280504540993,
        0.1164595714181493,
        0.0543610419597811,
        0.09707188210031413,
        0.07706282701409108,
        0.0500804521768563,
        0.05906030804602396,
        0.060557065180702085,
        0.04791739769202781,
        0.04436155131205188,
        0.04886489729775846,
        0.07433729594449107
    ],
    "Beta_u": [
        28.222896202434896,
        26.757690041155247,
        14.44320222632372,
        26.79748722436013,
        -32.152648997903604,
        7.7451171202436635,
        -4.110587896960444,
        -27.183002313940783,
        -703771.0319651811,
        2.8725040013527883,
        15.918459014181458,
        17.828190117446262,
        14.61826829715058,
        25.115919971173188,
        18.8559748919299,
        -12.473683732973367,
        -14.275019828282371,
        -2.3858548955921552,
        11.372035328111973,
        -23.17098837310783,
        2.043338003962014,
        -21.930409392658202,
        -10.148155833893169,
        10.932048189529073,
        -5.088999218821534,
        7.038833901581262,
        16.251315243550238,
        22.934175628348406,
        20.254308832147522,
        4.181152716293536
    ]
}