{
    "Beta_plus": {
        "1": [
            57.57,
            54.6,
            47.99,
            56.36,
            44.7,
            18.47,
            31.89,
            40.7,
            32.66,
            35.23,
            44.42,
            37.53,
            45.58,
            71.29,
            72.0,
            69.28,
            68.41,
            48.73,
            45.76,
            60.56,
            50.96,
            50.0,
            49.25,
            53.0,
            50.0,
            47.28,
            52.09,
            57.3,
            59.15,
            52.22186342447786        ]
    },
    "Beta_minus": {
        "1": [
            115.14,
            109.2,
            95.98,
            112.72,
            89.4,
            36.94,
            63.78,
            81.4,
            65.32,
            70.46,
            88.84,
            75.06,
            91.16,
            142.58,
            144.0,
            138.56,
            136.82,
            97.46,
            91.52,
            121.12,
            101.92,
            100.0,
            98.5,
            106.0,
            100.0,
            94.56,
            104.18,
            114.6,
            118.3,
            104.44372684895572        ]
    }
}