{
    "1": {
        "TIGNE": [
            19.0,
            17.22222222222222,
            14.11111111111111,
            11.11111111111111,
            10.555555555555555,
            13.333333333333332,
            13.61111111111111,
            11.38888888888889,
            10.055555555555555,
            8.61111111111111,
            8.111111111111112,
            8.111111111111112,
            8.0,
            8.777777777777779,
            10.11111111111111,
            11.444444444444445,
            12.555555555555555,
            13.27777777777778,
            14.833333333333332,
            15.333333333333334,
            13.72222222222222,
            12.11111111111111,
            10.444444444444445,
            9.27777777777778,
            9.055555555555555,
            10.72222222222222,
            16.27777777777778,
            19.5,
            19.0,
            20.0
        ],
        "MTRIG": [
            26.4375,
            23.65972222222222,
            18.798611111111114,
            14.11111111111111,
            13.243055555555555,
            17.583333333333332,
            18.01736111111111,
            14.54513888888889,
            12.461805555555555,
            10.20486111111111,
            9.423611111111112,
            9.423611111111112,
            9.25,
            10.46527777777778,
            12.54861111111111,
            14.631944444444446,
            16.368055555555557,
            17.49652777777778,
            19.92708333333333,
            20.708333333333336,
            18.19097222222222,
            15.67361111111111,
            13.069444444444445,
            11.24652777777778,
            10.899305555555555,
            13.50347222222222,
            22.18402777777778,
            27.21875,
            26.4375,
            28.0
        ],
        "POMBL": [
            45.83333333333333,
            38.42592592592592,
            25.462962962962965,
            12.962962962962962,
            10.648148148148149,
            22.22222222222222,
            23.379629629629623,
            14.120370370370368,
            8.564814814814817,
            2.5462962962962954,
            0.4629629629629653,
            0.4629629629629653,
            0.0,
            3.2407407407407414,
            8.796296296296298,
            14.351851851851857,
            18.98148148148148,
            21.990740740740744,
            28.47222222222221,
            30.55555555555556,
            23.842592592592588,
            17.129629629629626,
            10.185185185185189,
            5.324074074074075,
            4.398148148148149,
            11.342592592592592,
            34.49074074074074,
            47.91666666666667,
            45.83333333333333,
            50.0
        ],
        "COCHE": [
            18.70833333333333,
            16.412037037037038,
            12.39351851851852,
            8.518518518518519,
            7.800925925925926,
            11.38888888888889,
            11.747685185185183,
            8.877314814814815,
            7.1550925925925934,
            5.289351851851851,
            4.643518518518519,
            4.643518518518519,
            4.5,
            5.50462962962963,
            7.226851851851853,
            8.949074074074076,
            10.38425925925926,
            11.31712962962963,
            13.326388888888888,
            13.972222222222223,
            11.891203703703702,
            9.810185185185183,
            7.657407407407407,
            6.150462962962964,
            5.863425925925927,
            8.016203703703704,
            15.19212962962963,
            19.354166666666668,
            18.70833333333333,
            20.0
        ],
        "RANDE": [
            56.24999999999999,
            49.58333333333333,
            37.91666666666667,
            26.666666666666664,
            24.58333333333333,
            35.0,
            36.04166666666666,
            27.70833333333333,
            22.708333333333336,
            17.291666666666664,
            15.41666666666667,
            15.41666666666667,
            15.0,
            17.916666666666668,
            22.916666666666668,
            27.91666666666667,
            32.083333333333336,
            34.79166666666667,
            40.62499999999999,
            42.5,
            36.45833333333333,
            30.416666666666664,
            24.166666666666668,
            19.791666666666668,
            18.958333333333336,
            25.208333333333336,
            46.04166666666666,
            58.125,
            56.24999999999999,
            60.0
        ]
    }
}